Population	Sample	QS03797_1	QS03797_2	MSQ13_1	MSQ13_2	QrZAG20_1	QrZAG20_2	QpZAG110_1	QpZAG110_2	QS00314_1	QS00314_2	QS00562_1	QS00562_2	QrZAG87_1	QrZAG87_2	QpZAG15_1	QpZAG15_2	QM692M_1	QM692M_2
E_1		QH-E-1-1	144	148	226	226	160	169	161	204	166	166	0	0	100	100	168	168	0	0
E_1		QH-E-1-10	144	148	226	230	0	0	161	204	166	175	223	225	100	100	0	0	0	0
E_1		QH-E-1-11	148	148	226	226	169	179	161	161	166	166	223	223	100	100	168	168	223	232
E_1		QH-E-1-12	144	148	0	0	157	157	204	204	175	175	223	225	98	100	169	171	232	236
E_1		QH-E-1-13	148	148	226	226	157	169	161	161	166	166	223	223	98	100	168	168	220	235
E_1		QH-E-1-14	148	148	226	230	169	179	204	206	166	175	225	225	100	100	171	171	232	235
E_1		QH-E-1-15	148	148	226	228	157	179	161	204	166	166	223	223	100	100	167	170	220	232
E_1		QH-E-1-16	144	148	0	0	155	157	161	204	166	175	223	225	100	100	168	171	232	235
E_1		QH-E-1-17	148	148	226	228	157	157	204	204	166	175	0	0	99	100	171	171	229	232
E_1		QH-E-1-18	148	148	226	226	179	179	161	204	166	175	223	223	100	100	167	169	220	235
E_1		QH-E-1-19	144	144	226	226	157	160	202	205	166	175	223	223	96	100	168	175	232	235
E_1		QH-E-1-2	148	148	226	226	169	179	204	204	166	166	223	223	96	100	160	169	0	0
E_1		QH-E-1-20	148	148	226	226	157	179	161	205	175	175	225	225	98	100	168	177	232	235
E_1		QH-E-1-21	148	148	226	228	179	181	204	204	175	175	223	223	98	100	160	169	235	235
E_1		QH-E-1-3	144	148	226	226	157	159	161	204	166	175	0	0	96	100	167	171	232	232
E_1		QH-E-1-4	145	148	226	226	159	179	161	161	166	175	223	223	100	100	166	168	232	235
E_1		QH-E-1-5	144	148	226	228	155	157	161	204	166	175	0	0	98	100	168	168	232	235
E_1		QH-E-1-6	144	148	226	228	155	163	161	204	166	166	0	0	100	100	168	171	220	235
E_1		QH-E-1-7	144	148	226	226	157	165	204	204	175	178	0	0	98	100	168	168	232	235
E_1		QH-E-1-8	144	148	226	226	157	165	204	204	175	178	0	0	98	100	168	168	232	235
E_1		QH-E-1-9	144	148	226	226	157	165	204	204	175	178	223	223	98	100	168	168	232	235
E_10	QH-E-10-1	145	148	216	226	157	169	204	204	166	178	223	223	96	100	168	168	232	235
E_10	QH-E-10-2	144	148	0	0	165	167	161	208	175	175	215	215	96	100	159	171	232	235
E_10	QH-E-10-3	144	148	224	226	157	179	204	204	166	175	223	223	98	100	169	173	232	235
E_10	QH-E-10-4	144	148	226	226	155	167	161	204	166	175	225	225	100	100	160	172	232	232
E_10	QH-E-10-5	144	144	226	226	155	157	204	204	169	175	223	223	98	100	0	0	232	232
E_10	QH-E-10-6	145	145	0	0	159	160	161	204	166	166	0	0	96	100	160	160	232	243
E_10	QH-E-10-7	142	145	0	0	171	179	161	204	169	178	223	223	100	100	168	168	232	237
E_10	QH-E-10-8	142	142	226	226	157	171	161	202	169	178	225	225	96	100	171	171	232	232
E_10	QH-E-10-9	144	148	218	226	155	157	0	0	0	0	223	223	99	100	168	171	232	235
E_11	QH-E-11-1	144	148	226	228	157	159	161	161	175	175	223	223	100	100	168	168	220	232
E_11	QH-E-11-2	145	145	226	228	167	179	161	208	166	166	0	0	100	100	0	0	220	236
E_11	QH-E-11-3	144	148	226	228	157	179	204	210	175	175	0	0	98	98	166	166	232	232
E_11	QH-E-11-4	144	148	226	226	157	157	204	208	166	175	223	225	99	100	160	169	232	235
E_11	QH-E-11-5	148	148	226	226	157	157	204	205	166	175	223	225	100	100	171	171	232	232
E_12	QH-E-12-1	145	145	226	226	165	179	202	206	169	175	223	225	100	100	171	171	220	235
E_13	QH-E-13-1	142	148	226	226	157	157	204	208	175	175	223	223	98	100	161	168	232	235
E_13	QH-E-13-2	148	148	216	218	163	169	202	208	175	175	223	223	100	102	168	168	232	236
E_13	QH-E-13-3	144	148	216	234	157	165	204	208	166	169	223	225	100	104	166	168	236	241
E_13	QH-E-13-4	145	148	226	226	157	160	204	208	172	175	223	223	100	102	171	171	232	235
E_13	QH-E-13-5	144	144	204	226	155	167	161	161	175	175	223	223	98	106	168	171	236	252
E_13	QH-E-13-6	144	148	226	228	165	179	161	206	175	175	223	223	100	100	167	168	235	252
E_13	QH-E-13-7	144	148	216	226	157	160	204	208	172	175	223	223	102	102	168	171	235	241
E_13	QH-E-13-8	144	144	216	226	155	179	161	204	166	175	223	225	100	102	168	171	231	241
E_14	QH-E-14-1	145	145	226	226	160	165	161	208	166	178	0	0	96	100	160	168	235	241
E_14	QH-E-14-10	0	0	200	228	160	171	204	204	173	175	223	223	96	102	162	162	235	252
E_14	QH-E-14-11	144	148	218	226	157	167	161	204	176	176	0	0	0	0	0	0	232	236
E_14	QH-E-14-12	144	144	224	228	155	163	206	208	175	178	0	0	0	0	0	0	0	0
E_14	QH-E-14-2	148	148	226	228	167	179	161	204	175	178	223	225	100	100	160	171	235	235
E_14	QH-E-14-3	145	145	226	226	160	177	161	161	0	0	0	0	100	100	159	159	220	232
E_14	QH-E-14-4	144	148	226	228	163	169	204	206	178	178	223	223	100	102	168	183	232	239
E_14	QH-E-14-5	144	148	226	228	163	169	204	206	178	178	223	223	100	102	168	183	0	0
E_14	QH-E-14-6	144	148	226	228	157	163	161	161	169	175	223	225	100	100	0	0	232	232
E_14	QH-E-14-7	142	148	216	234	157	157	202	202	175	175	223	223	114	119	162	167	227	232
E_14	QH-E-14-8	0	0	200	228	160	171	204	204	173	175	223	223	96	102	0	0	235	252
E_14	QH-E-14-9	0	0	200	228	160	171	204	204	173	175	223	223	96	102	162	162	235	252
E_15	QH-E-15-1	145	145	0	0	160	179	202	215	175	178	225	225	96	100	171	171	231	235
E_15	QH-E-15-10	0	0	0	0	157	163	204	204	175	178	223	223	96	100	169	169	232	241
E_15	QH-E-15-11	144	148	226	226	155	179	204	204	166	166	223	225	98	102	160	171	235	252
E_15	QH-E-15-12	145	145	190	224	160	179	204	208	175	175	225	225	96	96	171	171	231	232
E_15	QH-E-15-2	145	148	226	226	160	179	204	204	175	175	223	223	93	96	168	168	231	243
E_15	QH-E-15-3	144	148	226	228	155	160	161	204	170	179	225	225	96	100	169	169	241	241
E_15	QH-E-15-4	148	148	226	226	157	179	204	204	166	166	223	223	98	100	168	168	232	236
E_15	QH-E-15-5	144	148	0	0	163	179	161	204	175	178	223	223	100	100	160	168	220	235
E_15	QH-E-15-6	148	148	0	0	157	179	161	204	166	175	223	223	100	100	168	171	236	236
E_15	QH-E-15-7	148	148	218	226	157	171	202	204	166	181	223	223	96	100	167	167	235	237
E_15	QH-E-15-8	148	148	218	226	157	171	200	202	166	181	223	223	96	100	167	167	235	237
E_15	QH-E-15-9	145	148	224	226	157	160	161	206	173	175	223	223	96	100	160	171	232	232
E_2			QH-E-2-1	145	145	226	226	160	179	161	208	166	166	223	225	98	100	169	171	232	235
E_2		QH-E-2-10	148	148	226	226	157	157	202	204	166	169	225	225	98	100	160	169	220	220
E_2		QH-E-2-11	144	145	226	226	155	179	204	204	175	175	223	223	98	100	168	168	232	235
E_2		QH-E-2-12	144	148	226	226	157	157	161	204	166	166	223	223	100	100	160	171	232	236
E_2		QH-E-2-13	145	148	226	226	169	179	161	161	166	175	223	223	100	100	168	168	220	232
E_2		QH-E-2-14	148	148	226	226	157	157	204	204	175	175	223	225	100	100	169	171	232	235
E_2		QH-E-2-15	145	148	226	226	157	169	161	204	166	175	223	223	100	100	168	168	232	232
E_2		QH-E-2-16	144	145	226	228	157	157	204	204	166	169	223	223	98	100	169	175	232	237
E_2		QH-E-2-17	144	148	226	226	157	157	204	204	166	175	0	0	0	0	0	0	0	0
E_2		QH-E-2-18	145	148	226	230	157	179	204	208	166	166	225	225	100	100	168	168	235	235
E_2		QH-E-2-19	148	148	226	226	157	179	161	205	166	169	223	223	98	100	168	171	220	232
E_2		QH-E-2-2	148	148	226	226	157	179	161	204	166	175	223	225	100	100	168	168	0	0
E_2		QH-E-2-20	145	148	226	230	157	179	204	208	166	166	225	225	100	100	168	168	235	235
E_2		QH-E-2-21	144	144	226	226	155	157	204	204	166	175	223	225	96	100	168	168	232	235
E_2		QH-E-2-22	148	148	226	226	157	179	161	204	166	175	225	225	100	100	168	168	220	232
E_2		QH-E-2-23	148	148	226	226	157	179	161	204	166	175	225	225	100	100	168	168	220	232
E_2		QH-E-2-24	144	144	226	228	155	169	161	204	166	166	223	223	100	100	169	169	232	232
E_2		QH-E-2-25	144	144	226	228	155	155	161	209	166	175	225	225	98	100	168	168	220	220
E_2		QH-E-2-3	0	0	0	0	0	0	0	0	0	0	223	225	98	100	160	169	220	249
E_2		QH-E-2-4	145	148	226	226	169	179	204	210	166	166	223	225	98	100	160	169	220	249
E_2		QH-E-2-5	145	145	226	228	169	169	161	204	166	166	225	225	98	100	160	168	220	235
E_2		QH-E-2-6	145	148	226	226	157	169	204	204	166	166	0	0	100	100	0	0	220	231
E_2		QH-E-2-7	148	148	226	226	157	157	202	204	166	169	0	0	98	100	160	169	220	220
E_2		QH-E-2-8	148	148	226	226	157	157	202	204	166	169	0	0	98	100	160	169	220	220
E_2		QH-E-2-9	148	148	226	226	157	157	202	204	166	169	0	0	98	100	160	169	220	220
E_3		QH-E-3-1	148	148	226	226	171	171	161	204	166	178	223	223	98	100	160	160	232	232
E_3		QH-E-3-10	144	148	226	226	155	157	204	204	166	175	223	225	100	100	168	171	232	232
E_3		QH-E-3-11	144	148	226	226	155	157	204	204	166	175	223	225	100	100	168	171	232	232
E_3		QH-E-3-12	144	148	226	226	155	157	161	202	166	175	223	223	100	100	168	171	232	232
E_3		QH-E-3-14	145	145	226	226	167	179	161	204	166	175	223	223	100	102	168	174	236	236
E_3		QH-E-3-15	148	148	226	228	157	169	204	208	166	166	223	223	100	100	168	168	232	232
E_3		QH-E-3-16	145	148	226	226	157	179	161	161	175	175	223	223	98	100	168	168	235	235
E_3		QH-E-3-17	145	148	226	226	157	179	161	161	175	175	223	223	98	100	168	168	235	235
E_3		QH-E-3-18	145	148	226	226	157	179	161	161	175	175	223	223	98	100	168	168	235	235
E_3		QH-E-3-19	144	148	226	226	157	157	161	161	166	175	0	0	100	100	168	168	232	235
E_3		QH-E-3-2	148	148	226	226	157	157	208	208	166	166	223	225	98	100	168	168	220	235
E_3		QH-E-3-20	144	148	226	226	157	157	161	161	166	175	223	223	100	100	168	168	232	235
E_3		QH-E-3-21	145	148	226	228	169	179	204	204	166	175	223	223	100	100	168	168	220	232
E_3		QH-E-3-22	144	144	226	226	159	165	161	206	166	166	223	223	0	0	168	168	232	232
E_3		QH-E-3-23	145	148	226	226	167	179	161	204	175	175	223	225	98	100	160	179	235	235
E_3		QH-E-3-24	145	148	226	226	169	179	161	205	175	175	223	223	98	100	160	160	232	235
E_3		QH-E-3-25	144	148	226	226	157	157	161	204	175	175	223	223	100	100	160	168	232	235
E_3		QH-E-3-26	144	148	226	226	157	157	161	204	175	175	0	0	0	0	0	0	232	235
E_3		QH-E-3-27	148	148	226	226	157	169	161	161	166	166	225	225	100	100	160	171	232	235
E_3		QH-E-3-28	148	148	226	226	157	157	204	204	166	166	225	225	100	100	160	160	232	232
E_3		QH-E-3-3	0	0	0	0	0	0	0	0	0	0	0	0	0	0	0	0	0	0
E_3		QH-E-3-4	148	148	226	226	157	157	208	208	166	166	223	225	98	100	168	168	220	235
E_3		QH-E-3-5	148	151	226	226	157	157	161	206	166	175	223	223	100	100	168	168	231	235
E_3		QH-E-3-6	145	151	226	226	157	179	161	161	166	166	223	223	100	100	168	168	232	235
E_3		QH-E-3-7	145	148	226	228	157	165	161	204	166	175	223	223	100	100	168	177	220	235
E_3		QH-E-3-8	145	148	226	228	157	165	161	204	166	175	223	223	100	100	168	177	220	235
E_3		QH-E-3-9	144	148	226	226	157	165	161	204	166	175	223	223	100	100	168	170	220	235
E_4		QH-E-4-1	144	148	226	226	155	169	204	208	175	175	223	223	100	100	169	177	232	232
E_4		QH-E-4-10	144	144	226	226	157	160	204	204	166	166	223	223	98	100	168	168	232	235
E_4		QH-E-4-11	148	148	197	226	167	167	204	204	166	166	223	223	98	100	160	169	220	235
E_4		QH-E-4-12	145	145	226	226	169	181	204	208	166	175	223	223	98	98	168	168	220	232
E_4		QH-E-4-13	144	144	226	226	157	157	161	208	166	166	223	223	100	100	171	171	232	237
E_4		QH-E-4-14	148	148	226	226	179	179	204	204	166	166	223	223	99	100	169	169	232	246
E_4		QH-E-4-15	148	148	226	226	0	0	161	204	166	175	223	223	100	100	160	169	232	235
E_4		QH-E-4-16	148	148	226	226	0	0	161	204	0	0	223	223	100	100	160	169	232	235
E_4		QH-E-4-17	145	148	226	226	165	179	161	204	0	0	223	223	96	100	160	168	232	236
E_4		QH-E-4-18	145	148	226	226	165	179	161	204	0	0	223	223	96	100	160	168	232	236
E_4		QH-E-4-19	145	148	226	226	165	179	161	204	0	0	223	223	96	100	160	168	232	236
E_4		QH-E-4-2	148	148	226	226	167	171	161	204	166	175	223	223	100	100	174	174	232	232
E_4		QH-E-4-3	148	148	226	226	157	157	204	208	166	175	223	225	98	100	168	168	0	0
E_4		QH-E-4-4	145	148	226	226	157	169	161	204	166	175	225	225	99	100	168	168	232	232
E_4		QH-E-4-5	144	148	226	228	157	159	204	204	166	166	223	223	96	100	171	171	0	0
E_4		QH-E-4-6	144	148	226	228	157	159	204	204	166	166	223	223	96	100	171	171	235	236
E_4		QH-E-4-7	144	148	226	228	157	159	204	204	166	166	223	223	96	100	171	171	235	236
E_4		QH-E-4-8	144	148	226	228	157	159	204	204	166	166	223	223	96	100	171	171	235	236
E_4		QH-E-4-9	145	145	226	228	157	179	161	204	166	178	223	223	100	100	168	168	232	232
E_5		QH-E-5-1	148	148	226	228	157	157	204	204	166	175	223	223	100	123	159	169	232	235
E_5		QH-E-5-10	148	148	226	228	157	179	161	204	166	166	223	223	98	100	168	168	232	232
E_5		QH-E-5-11	148	148	226	228	157	179	161	204	166	166	223	223	98	100	168	168	232	232
E_5		QH-E-5-12	148	148	226	228	157	179	161	204	166	166	223	223	98	100	168	168	232	232
E_5		QH-E-5-13	144	148	226	232	157	179	161	208	166	171	223	223	98	102	168	173	232	232
E_5		QH-E-5-14	0	0	0	0	157	179	161	204	166	166	223	223	98	100	168	168	232	232
E_5		QH-E-5-15	148	148	226	226	169	179	161	206	166	175	223	223	98	100	168	168	232	235
E_5		QH-E-5-16	148	148	226	226	167	179	204	204	166	166	0	0	98	100	160	168	232	232
E_5		QH-E-5-17	148	148	226	226	167	179	204	204	166	166	0	0	98	100	160	168	232	232
E_5		QH-E-5-18	148	148	226	226	167	179	204	204	166	166	0	0	98	100	160	168	232	232
E_5		QH-E-5-19	148	148	226	228	157	169	161	204	166	166	223	223	98	100	169	169	232	252
E_5		QH-E-5-2	145	148	226	226	157	179	161	161	166	166	223	223	98	100	0	0	220	232
E_5		QH-E-5-20	148	148	226	226	157	167	161	204	166	166	223	223	98	98	168	168	0	0
E_5		QH-E-5-21	148	148	226	226	157	167	161	204	166	166	223	223	98	98	168	168	0	0
E_5		QH-E-5-23	148	148	226	226	163	179	204	204	166	166	223	223	98	100	0	0	232	235
E_5		QH-E-5-24	148	148	226	226	163	179	204	204	166	166	223	223	98	100	0	0	232	235
E_5		QH-E-5-25	148	148	226	226	157	157	161	161	166	184	223	223	98	100	168	168	220	232
E_5		QH-E-5-26	148	148	228	232	179	179	161	204	166	175	223	223	100	100	0	0	232	237
E_5		QH-E-5-27	148	148	228	232	179	179	161	204	166	175	223	223	100	100	169	169	232	237
E_5		QH-E-5-28	148	148	226	228	157	179	161	161	166	175	223	223	98	100	169	169	232	235
E_5		QH-E-5-29	145	148	224	226	157	157	204	204	166	175	223	223	100	121	159	159	235	236
E_5		QH-E-5-3	144	148	226	226	157	165	204	206	166	175	225	225	100	100	168	168	229	232
E_5		QH-E-5-30	145	148	224	226	157	157	204	204	166	175	223	223	100	121	159	159	235	236
E_5		QH-E-5-31	148	148	226	226	157	157	204	208	166	175	223	223	100	100	159	159	220	235
E_5		QH-E-5-32	145	148	0	0	157	160	204	206	170	176	215	223	100	100	166	166	0	0
E_5		QH-E-5-33	145	148	226	228	157	165	208	208	166	175	223	223	100	100	0	0	232	235
E_5		QH-E-5-4	148	148	226	228	157	179	161	204	166	166	223	223	98	100	168	168	232	232
E_5		QH-E-5-5	144	148	226	226	157	165	204	206	166	175	225	225	100	100	168	168	229	232
E_5		QH-E-5-6	144	148	226	226	157	165	204	206	166	175	225	225	100	100	168	168	229	232
E_5		QH-E-5-7	148	148	226	228	157	179	161	204	166	166	223	223	98	100	168	168	232	232
E_5		QH-E-5-8	148	148	226	228	157	179	161	204	166	166	223	223	98	100	168	168	232	232
E_5		QH-E-5-9	148	148	226	228	157	179	161	204	166	166	223	223	98	100	168	168	232	232
E_6		QH-E-6-1	148	148	228	228	157	171	161	210	166	166	223	225	100	100	168	175	232	232
E_6		QH-E-6-10	148	148	226	226	155	169	161	204	166	166	223	225	96	100	169	169	235	235
E_6		QH-E-6-11	145	145	226	228	157	179	161	204	170	175	0	0	100	100	168	168	232	232
E_6		QH-E-6-12	0	0	218	226	165	179	161	161	166	175	225	225	98	100	169	171	0	0
E_6		QH-E-6-13	144	148	218	226	165	179	161	161	166	175	225	225	98	100	169	171	235	237
E_6		QH-E-6-14	148	148	216	226	159	169	161	217	166	169	215	223	0	0	166	177	232	235
E_6		QH-E-6-15	148	148	216	226	159	169	161	217	166	169	215	223	0	0	166	177	232	235
E_6		QH-E-6-2	145	148	226	226	157	169	161	204	175	175	223	225	100	100	168	168	232	235
E_6		QH-E-6-3	145	148	226	226	157	157	217	219	170	175	225	225	98	100	169	174	235	239
E_6		QH-E-6-4	148	148	226	226	157	169	204	211	175	175	225	225	100	100	177	177	235	241
E_6		QH-E-6-5	148	148	226	226	157	169	204	211	175	175	225	225	100	100	177	177	235	241
E_6		QH-E-6-6	144	148	226	226	155	157	161	204	166	166	0	0	98	100	171	171	235	235
E_6		QH-E-6-7	144	148	220	228	165	175	161	204	166	166	0	0	98	100	168	175	232	235
E_6		QH-E-6-8	145	148	228	230	175	179	204	215	175	184	223	223	100	100	169	175	232	232
E_6		QH-E-6-9	145	148	228	230	175	179	204	215	175	184	223	223	100	100	169	175	232	232
E_7		QH-E-7-1	148	148	214	226	157	169	161	206	166	175	0	0	98	100	168	168	220	246
E_7		QH-E-7-10	144	144	226	228	157	157	161	208	175	175	223	223	96	98	170	170	220	235
E_7		QH-E-7-11	144	144	226	228	157	157	161	208	175	175	223	223	96	98	170	170	220	235
E_7		QH-E-7-12	144	144	226	228	157	157	161	208	175	175	223	223	96	98	170	170	220	235
E_7		QH-E-7-13	144	144	226	228	157	157	161	208	175	175	223	223	96	98	170	170	220	235
E_7		QH-E-7-14	144	144	226	228	157	157	161	208	175	175	223	223	96	98	170	170	220	235
E_7		QH-E-7-15	144	144	226	228	157	157	161	208	175	175	223	223	96	98	170	170	220	235
E_7		QH-E-7-16	144	144	226	228	157	157	161	208	175	175	223	223	96	98	170	170	220	235
E_7		QH-E-7-17	142	161	226	228	157	159	204	204	175	175	223	223	98	100	168	176	220	235
E_7		QH-E-7-18	144	144	226	226	155	165	161	204	175	175	225	225	98	100	168	168	231	235
E_7		QH-E-7-19	148	161	216	216	169	179	204	208	166	175	223	223	98	100	172	174	232	236
E_7		QH-E-7-2	145	145	226	226	179	179	202	208	166	175	223	223	100	100	169	171	232	232
E_7		QH-E-7-20	144	161	226	228	155	169	161	161	175	175	223	223	100	100	169	175	220	220
E_7		QH-E-7-21	148	161	226	226	157	169	161	204	166	175	223	223	100	100	168	175	220	232
E_7		QH-E-7-22	144	161	226	226	157	169	161	204	175	175	223	225	100	100	167	175	220	220
E_7		QH-E-7-23	144	161	224	226	157	169	161	204	175	175	223	225	100	100	167	175	220	220
E_7		QH-E-7-24	144	161	226	226	157	169	161	204	175	175	223	225	100	100	167	175	220	220
E_7		QH-E-7-25	144	161	226	226	157	169	161	204	176	176	223	225	100	100	167	175	220	220
E_7		QH-E-7-26	145	145	224	226	157	171	161	204	166	175	223	223	98	100	168	175	220	232
E_7		QH-E-7-27	145	161	226	228	169	169	161	161	161	175	215	223	100	100	169	174	220	220
E_7		QH-E-7-3	144	144	0	0	157	165	204	204	166	169	223	223	100	100	168	168	235	235
E_7		QH-E-7-4	144	144	0	0	157	165	204	204	166	169	0	0	100	100	168	168	235	235
E_7		QH-E-7-5	145	148	0	0	157	169	161	204	169	175	0	0	96	100	168	168	232	235
E_7		QH-E-7-6	145	148	0	0	157	171	161	161	0	0	223	225	96	100	167	169	232	235
E_7		QH-E-7-7	145	148	0	0	157	171	161	161	166	169	0	0	96	100	167	169	232	235
E_7		QH-E-7-8	144	144	226	228	157	157	161	208	170	175	223	223	96	98	170	170	220	235
E_7		QH-E-7-9	145	145	226	228	157	157	161	208	175	175	223	223	96	98	170	170	220	235
E_8		QH-E-8-1	144	145	226	226	160	163	202	202	166	175	223	223	96	100	168	168	232	241
E_8		QH-E-8-10	144	148	226	226	165	179	161	161	175	178	223	225	100	100	0	0	232	235
E_8		QH-E-8-11	144	148	226	226	165	179	161	161	175	178	223	225	100	100	169	169	232	235
E_8		QH-E-8-12	148	148	226	226	157	169	206	208	166	175	223	223	100	100	0	0	220	235
E_8		QH-E-8-13	148	148	226	226	157	169	206	208	166	175	223	223	100	100	169	169	220	235
E_8		QH-E-8-14	145	148	200	226	157	179	204	208	166	175	223	223	100	100	0	0	220	232
E_8		QH-E-8-15	145	148	226	226	167	171	161	204	0	0	223	223	100	100	168	168	232	235
E_8		QH-E-8-16	144	148	226	228	157	171	204	208	175	184	223	223	0	0	0	0	220	232
E_8		QH-E-8-17	144	148	226	228	157	171	204	208	175	184	223	223	0	0	0	0	220	232
E_8		QH-E-8-18	144	148	226	230	155	157	0	0	166	175	223	223	100	100	160	169	232	246
E_8		QH-E-8-2	144	148	218	226	157	165	161	161	166	178	223	223	96	100	168	171	220	232
E_8		QH-E-8-20	144	148	226	226	155	157	204	204	166	175	223	223	98	100	160	167	232	235
E_8		QH-E-8-21	148	148	226	226	157	169	161	204	175	175	223	223	100	100	167	171	232	232
E_8		QH-E-8-22	145	148	220	228	157	165	161	204	166	175	223	223	96	100	168	168	232	232
E_8		QH-E-8-23	145	148	220	228	157	165	161	204	166	175	223	223	96	100	168	168	232	232
E_8		QH-E-8-24	0	0	0	0	0	0	0	0	0	0	225	225	98	100	159	169	232	235
E_8		QH-E-8-25	145	145	228	228	157	157	204	204	166	175	223	223	100	100	167	169	220	232
E_8		QH-E-8-26	145	145	228	228	157	157	204	204	166	175	223	223	100	100	167	169	220	232
E_8		QH-E-8-27	148	148	226	226	157	157	161	161	166	166	223	255	100	100	169	169	232	232
E_8		QH-E-8-28	144	148	226	226	157	157	161	161	166	175	223	223	100	100	171	171	232	232
E_8		QH-E-8-29	144	148	226	226	157	157	161	161	166	175	223	223	100	100	171	171	232	232
E_8		QH-E-8-3	144	144	226	228	155	165	204	205	166	175	223	225	100	100	164	168	220	229
E_8		QH-E-8-30	148	148	226	226	157	179	161	204	175	175	225	225	100	100	168	168	232	232
E_8		QH-E-8-4	144	148	226	226	155	157	161	210	166	175	0	0	100	100	168	171	220	220
E_8		QH-E-8-5	144	148	226	226	155	157	161	210	166	175	0	0	100	100	168	171	220	220
E_8		QH-E-8-6	144	148	226	226	155	157	161	210	166	175	0	0	100	100	168	171	220	220
E_8		QH-E-8-7	142	148	226	226	157	159	161	208	175	175	223	223	96	98	167	169	220	232
E_8		QH-E-8-8	148	148	226	228	169	171	200	204	166	175	223	223	100	100	168	168	229	237
E_8		QH-E-8-9	148	148	226	226	169	171	161	204	166	166	223	223	96	100	167	169	232	235
E_AUX_2	QH-E-AUX2-1	144	144	226	226	155	157	161	161	166	166	223	223	100	100	168	168	0	0
E_AUX_2	QH-E-AUX2-2	144	144	226	226	155	157	161	161	166	166	223	223	100	100	168	168	0	0
E_AUX_2	QH-E-AUX2-3	144	148	226	226	157	157	161	204	175	175	223	223	98	100	0	0	232	235
E_AUX_2	QH-E-AUX2-4	145	148	226	226	171	179	161	204	175	175	223	223	100	100	160	169	232	235
E_AUX_3	QH-E-AUX3-1	148	148	226	226	171	171	161	204	166	178	223	223	98	100	160	160	232	232
E_AUX_3	QH-E-AUX3-2	145	148	226	226	157	179	204	204	166	175	225	225	98	100	169	171	232	235
E_AUX_5	QH-E-AUX5-1	144	148	226	226	157	157	161	204	175	175	223	223	100	100	168	168	220	232
E_AUX_5	QH-E-AUX5-10	148	148	226	226	157	179	204	204	175	175	225	225	100	100	160	168	232	235
E_AUX_5	QH-E-AUX5-11	148	148	226	226	157	179	204	204	175	175	225	225	100	100	160	168	232	235
E_AUX_5	QH-E-AUX5-2	145	148	224	226	157	157	161	204	175	175	223	223	100	100	168	168	220	232
E_AUX_5	QH-E-AUX5-3	148	148	226	226	157	179	161	161	0	0	223	223	96	98	169	169	232	236
E_AUX_5	QH-E-AUX5-4	148	148	226	226	157	179	161	161	166	175	223	223	96	98	169	169	232	236
E_AUX_5	QH-E-AUX5-5	144	148	226	226	157	157	204	204	166	175	0	0	0	0	0	0	0	0
E_AUX_5	QH-E-AUX5-6	144	148	226	226	157	157	204	204	166	175	223	225	100	100	169	169	232	235
E_AUX_5	QH-E-AUX5-7	144	148	226	226	157	157	204	204	166	175	223	225	100	100	169	169	232	235
E_AUX_5	QH-E-AUX5-8	144	148	228	228	157	157	161	204	175	175	223	223	100	100	159	167	229	235
E_AUX_5	QH-E-AUX5-9	144	148	228	228	157	157	161	204	175	175	223	223	100	100	159	167	229	235
E_AUX_6	QH-E-AUX6-2	145	148	0	0	157	179	204	204	175	181	221	223	98	121	171	171	232	236
E_AUX_7	QH-E-AUX7-1	145	148	226	226	0	0	204	204	0	0	223	223	0	0	160	168	232	235
E_AUX_7	QH-E-AUX7-2	145	148	226	226	0	0	204	204	0	0	223	223	0	0	160	168	232	235
E_AUX_7	QH-E-AUX7-3	145	148	226	226	0	0	204	204	0	0	0	0	0	0	0	0	0	0
E_AUX_7	QH-E-AUX7-4	145	148	226	226	0	0	204	204	0	0	223	223	0	0	160	168	232	235
E_AUX_7	QH-E-AUX7-5	145	169	0	0	167	179	204	209	175	178	223	223	98	102	160	169	235	252
E_AUX_7	QH-E-AUX7-6	144	148	228	228	155	157	161	202	166	166	223	223	100	100	168	168	232	232
E_AUX_8	QH-E-AUX8-10	144	148	216	226	157	157	161	202	175	175	223	223	100	100	168	168	220	232
E_AUX_8	QH-E-AUX8-11	148	148	226	226	179	179	208	208	166	175	223	223	100	100	168	168	220	220
E_AUX_8	QH-E-AUX8-12	148	148	214	226	163	179	161	202	169	175	223	223	100	100	166	171	232	235
E_AUX_8	QH-E-AUX8-13	145	145	224	226	160	165	202	206	175	175	223	223	96	100	159	169	220	235
E_AUX_8	QH-E-AUX8-3	145	148	226	226	157	167	161	204	166	175	0	0	99	100	171	171	220	235
E_AUX_8	QH-E-AUX8-4	0	0	0	0	0	0	0	0	0	0	223	223	99	100	171	171	220	235
E_AUX_8	QH-E-AUX8-5	145	161	226	226	157	157	161	202	169	178	223	223	100	100	169	171	232	232
E_AUX_8	QH-E-AUX8-6	145	161	226	226	157	157	161	202	169	178	223	223	100	100	169	171	232	232
E_AUX_8	QH-E-AUX8-7	145	145	226	228	157	159	204	204	175	178	225	225	100	121	168	171	0	0
E_AUX_8	QH-E-AUX8-8	145	145	226	228	157	159	204	204	175	178	225	225	100	121	168	171	0	0
E_AUX_8	QH-E-AUX8-9	144	148	216	226	157	157	161	202	175	175	223	223	100	100	168	168	220	232
W_1		QH-W-1-1	145	145	208	208	165	167	202	217	171	171	223	223	102	102	159	160	229	252
W_1		QH-W-1-10	144	144	208	230	165	167	206	219	171	178	223	223	102	104	159	164	229	252
W_1		QH-W-1-11	144	144	208	220	165	167	204	206	171	171	223	223	102	102	160	168	229	229
W_1		QH-W-1-12	144	144	208	220	165	167	204	206	171	171	223	223	102	102	160	168	229	252
W_1		QH-W-1-13	144	144	208	220	165	167	204	206	171	171	223	223	102	102	160	168	229	252
W_1		QH-W-1-14	144	144	208	220	165	167	204	206	171	171	223	223	102	102	160	168	229	252
W_1		QH-W-1-15	144	144	208	220	165	167	204	206	171	171	223	223	102	102	160	168	229	252
W_1		QH-W-1-16	0	0	208	220	167	167	217	243	178	178	225	225	102	102	164	166	252	254
W_1		QH-W-1-17	144	144	208	208	165	167	204	210	171	178	225	225	0	0	159	164	229	252
W_1		QH-W-1-18	145	145	208	220	157	169	217	217	178	178	223	225	102	102	159	164	229	254
W_1		QH-W-1-19	145	145	208	220	157	169	217	217	178	178	0	0	102	102	159	164	229	254
W_1		QH-W-1-2	145	145	208	208	157	167	204	206	171	178	223	223	102	102	159	164	229	252
W_1		QH-W-1-20	145	145	208	220	157	169	217	217	178	178	223	225	102	102	159	164	229	254
W_1		QH-W-1-21	0	0	208	220	157	167	210	217	178	178	225	225	102	102	160	160	252	252
W_1		QH-W-1-22	144	144	220	220	165	167	204	239	178	178	225	225	102	102	159	172	252	254
W_1		QH-W-1-23	0	0	208	220	167	167	217	239	178	178	223	223	102	127	166	172	252	252
W_1		QH-W-1-24	0	0	208	220	167	167	210	237	178	178	223	225	102	102	159	166	252	254
W_1		QH-W-1-25	144	144	220	220	165	167	204	239	178	178	225	225	102	102	159	172	252	254
W_1		QH-W-1-26	0	0	208	220	167	167	210	237	178	178	223	225	102	102	159	166	252	254
W_1		QH-W-1-27	144	144	0	0	165	167	0	0	0	0	0	0	100	100	159	164	252	252
W_1		QH-W-1-28	145	145	0	0	0	0	0	0	0	0	225	225	102	102	159	164	252	254
W_1		QH-W-1-29	145	145	208	230	165	165	206	206	171	178	223	223	100	102	160	160	235	252
W_1		QH-W-1-3	145	145	208	208	165	165	206	206	171	178	0	0	100	102	164	164	229	229
W_1		QH-W-1-30	0	0	220	230	165	167	206	217	171	178	223	223	102	102	160	160	252	252
W_1		QH-W-1-31	0	0	220	230	165	167	206	217	171	178	223	223	102	102	160	160	252	252
W_1		QH-W-1-32	0	0	220	230	165	167	206	217	171	178	223	223	102	102	160	160	252	252
W_1		QH-W-1-33	145	145	208	210	163	165	204	206	178	178	0	0	102	102	0	0	229	252
W_1		QH-W-1-34	144	144	208	220	165	167	204	206	171	178	223	223	102	102	0	0	252	252
W_1		QH-W-1-35	144	144	220	220	165	165	204	204	171	178	0	0	102	102	160	164	229	252
W_1		QH-W-1-36	145	145	220	230	165	165	204	206	171	171	223	223	102	102	160	164	229	252
W_1		QH-W-1-37	0	0	220	230	165	167	206	217	171	178	223	223	102	102	160	160	252	252
W_1		QH-W-1-38	145	145	220	220	165	167	204	239	178	178	225	225	102	102	0	0	0	0
W_1		QH-W-1-39	144	144	220	220	165	167	204	239	178	178	225	225	102	102	0	0	252	254
W_1		QH-W-1-4	145	145	230	230	157	165	204	208	171	178	0	0	102	102	168	177	0	0
W_1		QH-W-1-5	140	145	200	208	157	167	206	217	165	171	223	223	102	102	164	164	229	252
W_1		QH-W-1-6	0	0	208	208	165	167	208	219	171	171	223	223	102	102	160	164	229	252
W_1		QH-W-1-7	144	144	208	228	165	165	204	206	171	171	223	223	102	102	160	164	229	229
W_1		QH-W-1-8	144	144	208	228	165	165	204	206	171	171	223	223	102	102	160	164	229	229
W_1		QH-W-1-9	144	144	208	228	165	165	204	206	171	171	223	223	102	102	160	164	229	229
W_10	QH-W-10-1	145	145	226	230	165	179	204	213	171	181	0	0	102	106	173	173	229	240
W_10	QH-W-10-10	144	148	218	226	0	0	0	0	172	172	223	223	102	117	0	0	0	0
W_10	QH-W-10-11	145	145	220	228	177	179	204	215	181	181	223	223	102	114	170	173	229	229
W_10	QH-W-10-12	144	148	228	228	159	159	204	204	171	181	223	223	121	139	0	0	229	229
W_10	QH-W-10-13	148	148	226	228	159	177	204	204	181	181	223	223	121	127	161	171	229	229
W_10	QH-W-10-14	144	148	228	228	159	159	204	204	171	181	223	223	121	139	0	0	229	229
W_10	QH-W-10-15	148	148	228	230	159	169	204	213	172	181	223	223	106	125	166	166	223	229
W_10	QH-W-10-16	144	148	218	218	157	159	215	227	181	181	223	223	102	117	160	176	229	235
W_10	QH-W-10-17	145	145	218	218	169	171	204	215	172	181	223	223	102	125	160	175	229	235
W_10	QH-W-10-18	144	144	226	228	157	163	204	204	172	181	0	0	117	117	160	162	229	229
W_10	QH-W-10-19	145	148	218	226	159	165	215	227	170	181	223	223	110	117	160	160	0	0
W_10	QH-W-10-2	145	148	226	230	173	179	204	204	171	181	223	223	114	117	159	166	229	232
W_10	QH-W-10-20	145	148	218	226	159	165	215	227	170	181	223	223	110	117	160	160	0	0
W_10	QH-W-10-21	148	148	226	228	157	159	221	221	181	181	0	0	110	119	0	0	229	237
W_10	QH-W-10-22	148	148	226	228	157	159	221	221	181	181	0	0	110	119	0	0	229	237
W_10	QH-W-10-23	148	148	226	228	157	159	221	221	181	181	0	0	110	119	0	0	229	237
W_10	QH-W-10-24	144	144	200	226	157	177	206	215	181	181	0	0	110	119	167	169	229	229
W_10	QH-W-10-25	145	145	200	226	157	177	206	215	181	181	0	0	110	119	167	169	229	229
W_10	QH-W-10-26	145	145	200	226	157	177	206	215	181	181	0	0	110	119	167	169	229	229
W_10	QH-W-10-27	145	148	226	226	159	169	206	215	170	181	223	223	110	119	160	162	229	237
W_10	QH-W-10-28	144	148	208	226	165	175	202	206	181	181	223	223	0	0	170	170	229	231
W_10	QH-W-10-29	148	148	208	218	157	165	202	206	175	175	0	0	117	119	168	170	231	252
W_10	QH-W-10-3	145	145	226	230	165	179	204	213	171	181	0	0	102	106	173	173	229	240
W_10	QH-W-10-30	145	148	226	226	179	185	206	215	171	171	221	221	102	110	160	167	237	247
W_10	QH-W-10-31	145	148	226	230	169	169	206	215	181	181	223	223	102	117	168	171	0	0
W_10	QH-W-10-4	148	148	226	238	173	177	204	213	181	181	0	0	117	121	159	169	223	229
W_10	QH-W-10-5	145	148	226	226	165	177	204	204	171	181	223	223	93	110	160	168	229	237
W_10	QH-W-10-6	145	145	226	226	157	179	204	215	181	181	223	223	102	121	159	175	223	229
W_10	QH-W-10-7	145	145	218	226	157	165	204	215	181	181	223	223	0	0	168	175	223	229
W_10	QH-W-10-8	144	144	226	226	157	179	204	215	181	181	223	223	102	121	159	175	223	229
W_10	QH-W-10-9	144	148	218	226	0	0	0	0	172	172	223	223	102	117	0	0	0	0
W_11	QH-W-11-1	145	145	202	222	160	165	206	213	178	178	223	225	102	102	160	170	226	252
W_11	QH-W-11-10	144	144	230	234	157	173	204	204	169	169	223	223	102	102	160	160	229	252
W_11	QH-W-11-11	144	148	220	228	163	167	213	219	170	178	223	223	102	131	162	166	229	252
W_11	QH-W-11-12	145	148	218	228	163	167	204	206	175	178	223	223	102	102	160	163	226	226
W_11	QH-W-11-13	144	144	220	226	165	169	183	204	175	181	0	0	0	0	0	0	0	0
W_11	QH-W-11-14	141	145	226	230	163	167	204	208	175	178	0	0	102	102	164	170	229	237
W_11	QH-W-11-15	144	144	228	230	157	160	204	206	171	175	0	0	102	102	160	173	252	252
W_11	QH-W-11-16	144	144	0	0	157	160	0	0	0	0	0	0	102	102	160	173	245	252
W_11	QH-W-11-17	145	145	228	230	165	167	210	213	178	181	223	223	102	123	161	167	229	237
W_11	QH-W-11-18	145	145	208	208	165	165	204	204	169	181	0	0	0	0	160	160	232	236
W_11	QH-W-11-19	145	145	218	230	165	165	204	213	171	181	223	223	102	117	160	160	226	229
W_11	QH-W-11-2	145	145	202	222	160	165	206	213	178	178	223	225	102	102	160	170	226	252
W_11	QH-W-11-20	145	145	0	0	165	167	198	204	0	0	223	223	102	102	160	160	226	229
W_11	QH-W-11-3	145	145	218	222	160	165	206	213	171	178	223	223	102	102	164	170	226	252
W_11	QH-W-11-4	145	145	218	220	167	179	204	204	171	178	223	223	102	102	160	160	252	252
W_11	QH-W-11-5	145	145	228	242	165	165	204	206	170	178	223	223	102	102	160	160	229	252
W_11	QH-W-11-6	145	151	208	208	165	165	204	213	169	169	223	223	0	0	160	166	0	0
W_11	QH-W-11-7	145	145	194	220	163	165	204	206	175	181	221	221	102	102	161	161	229	252
W_11	QH-W-11-8	144	151	208	218	163	165	206	213	171	178	223	223	102	102	160	160	0	0
W_11	QH-W-11-9	144	144	220	230	157	169	204	206	169	181	219	223	102	123	160	164	229	232
W_12	QH-W-12-1	144	144	194	226	163	173	204	204	170	178	223	223	102	114	160	168	229	229
W_12	QH-W-12-10	145	145	210	218	157	157	204	204	171	171	0	0	102	102	0	0	229	229
W_12	QH-W-12-11	145	145	210	236	157	157	204	210	170	170	223	223	102	102	166	168	229	252
W_12	QH-W-12-12	145	145	220	226	157	163	204	211	171	171	223	223	102	102	0	0	229	252
W_12	QH-W-12-13	145	145	208	232	157	163	204	206	0	0	223	223	102	117	160	187	229	252
W_12	QH-W-12-14	144	144	220	228	163	167	206	211	0	0	223	223	102	102	159	168	252	252
W_12	QH-W-12-15	145	145	202	228	157	157	204	206	170	178	223	223	102	114	160	160	232	260
W_12	QH-W-12-16	144	144	194	208	165	177	204	206	171	178	223	223	119	129	166	168	229	229
W_12	QH-W-12-17	144	144	208	226	167	167	204	208	172	172	223	223	117	125	166	168	229	229
W_12	QH-W-12-18	143	144	0	0	157	167	204	208	0	0	223	223	0	0	0	0	229	232
W_12	QH-W-12-19	144	144	0	0	0	0	0	0	0	0	0	0	0	0	168	171	229	232
W_12	QH-W-12-2	145	145	208	216	163	165	204	204	169	169	223	223	102	102	160	160	229	260
W_12	QH-W-12-20	145	145	208	220	165	171	210	210	175	178	223	223	0	0	0	0	229	229
W_12	QH-W-12-3	145	145	220	228	169	169	204	211	169	169	223	223	102	102	160	164	252	252
W_12	QH-W-12-4	145	145	194	238	163	163	208	223	175	178	223	223	102	102	160	160	229	252
W_12	QH-W-12-5	144	144	194	226	163	173	204	204	170	178	223	223	102	114	160	168	229	229
W_12	QH-W-12-6	145	145	0	0	169	169	204	211	170	170	223	223	102	102	160	164	0	0
W_12	QH-W-12-7	145	145	0	0	163	165	204	204	169	169	223	223	102	102	160	160	229	260
W_12	QH-W-12-8	145	145	228	228	165	173	204	213	170	178	0	0	102	102	170	170	252	252
W_12	QH-W-12-9	145	145	194	226	163	173	204	204	170	178	223	223	102	114	160	168	229	229
W_2		QH-W-2-1	144	148	228	232	159	163	204	213	181	181	225	225	112	133	160	166	220	231
W_2		QH-W-2-10	144	144	202	226	165	165	202	204	178	181	223	225	110	123	160	166	231	231
W_2		QH-W-2-11	148	148	204	228	171	173	204	204	171	171	223	225	117	127	164	170	229	252
W_2		QH-W-2-2	144	148	228	232	159	163	204	213	181	181	225	225	112	133	160	166	220	231
W_2		QH-W-2-3	148	148	218	232	159	159	202	204	181	181	223	225	119	133	167	167	220	220
W_2		QH-W-2-4	148	148	218	232	159	159	202	204	181	181	223	225	119	133	167	167	220	220
W_2		QH-W-2-5	145	148	202	226	159	159	204	204	181	181	223	225	0	0	159	174	223	231
W_2		QH-W-2-6	145	145	218	218	165	167	204	204	176	181	223	225	110	110	159	166	229	229
W_2		QH-W-2-7	145	145	226	226	165	167	204	215	163	181	223	223	102	150	159	160	223	223
W_2		QH-W-2-8	145	145	226	226	165	167	204	215	163	181	223	223	102	150	159	160	223	223
W_2		QH-W-2-9	144	144	202	226	165	165	202	204	178	181	223	225	110	123	160	166	231	231
W_3		QH-W-3-1	145	145	220	226	179	179	204	204	172	172	223	223	102	112	0	0	229	260
W_3		QH-W-3-10	0	0	226	232	167	179	204	204	171	181	0	0	93	102	161	167	229	252
W_3		QH-W-3-11	145	145	208	232	179	179	204	204	181	181	225	225	93	121	160	166	229	229
W_3		QH-W-3-12	145	145	226	228	157	163	204	204	181	181	223	223	102	102	168	168	229	229
W_3		QH-W-3-13	0	0	226	228	167	179	202	204	171	171	0	0	104	123	161	161	229	252
W_3		QH-W-3-14	144	148	200	232	163	173	204	213	171	181	223	223	93	121	166	175	229	229
W_3		QH-W-3-15	144	145	200	236	163	165	204	213	171	181	223	223	102	121	166	168	229	252
W_3		QH-W-3-16	145	145	224	232	167	167	204	204	171	181	223	223	102	114	160	169	229	229
W_3		QH-W-3-17	145	145	224	232	167	179	204	204	171	181	223	223	102	114	166	169	229	229
W_3		QH-W-3-18	144	145	220	224	163	165	204	204	0	0	223	223	93	102	160	168	229	229
W_3		QH-W-3-19	144	144	224	226	163	165	204	204	181	181	0	0	93	102	168	175	229	229
W_3		QH-W-3-2	145	145	220	224	179	179	204	215	181	181	223	223	102	104	160	160	229	252
W_3		QH-W-3-20	145	148	0	0	173	179	204	204	0	0	223	223	93	93	167	167	229	229
W_3		QH-W-3-21	145	145	226	228	165	179	204	204	169	172	223	223	102	102	161	168	229	235
W_3		QH-W-3-22	145	148	224	226	167	179	202	202	181	181	223	223	117	129	161	169	235	252
W_3		QH-W-3-23	145	145	194	226	179	179	204	204	169	181	223	223	102	102	0	0	229	235
W_3		QH-W-3-24	0	0	200	200	157	167	206	206	172	181	223	223	102	110	160	171	229	229
W_3		QH-W-3-25	145	145	200	226	165	179	206	206	181	181	0	0	117	117	0	0	0	0
W_3		QH-W-3-26	145	145	228	232	163	179	204	204	181	181	223	223	102	129	160	169	229	235
W_3		QH-W-3-27	145	145	210	228	179	179	204	204	171	181	223	223	93	102	159	159	229	229
W_3		QH-W-3-28	145	145	226	226	159	165	204	204	171	181	223	223	121	129	161	161	229	232
W_3		QH-W-3-29	145	145	210	226	165	179	204	204	181	181	223	223	102	102	160	166	229	232
W_3		QH-W-3-3	145	145	220	224	179	179	204	215	181	181	223	223	102	104	160	160	229	252
W_3		QH-W-3-30	148	148	208	208	173	173	204	213	171	181	223	223	117	117	159	168	223	229
W_3		QH-W-3-31	145	145	208	226	157	179	211	211	178	181	223	223	102	114	159	168	223	229
W_3		QH-W-3-32	145	145	228	244	157	179	204	239	181	181	223	223	102	110	160	168	229	252
W_3		QH-W-3-33	145	145	196	228	173	185	206	208	181	181	223	223	102	110	161	167	229	229
W_3		QH-W-3-4	145	145	220	224	179	179	204	215	175	181	223	223	102	104	160	160	229	252
W_3		QH-W-3-5	140	145	228	232	173	179	204	240	0	0	223	223	102	121	168	168	229	229
W_3		QH-W-3-6	145	145	228	232	179	179	204	240	169	181	223	223	102	121	168	168	229	229
W_3		QH-W-3-7	143	144	226	228	165	167	202	206	181	181	223	223	117	123	167	171	229	229
W_3		QH-W-3-8	0	0	226	228	165	167	202	206	181	181	223	223	117	123	167	171	229	229
W_3		QH-W-3-9	0	0	208	232	167	179	204	240	181	181	223	223	102	110	168	168	223	229
W_4		QH-W-4-1	143	145	238	240	157	181	204	206	169	169	0	0	102	117	170	174	229	241
W_4		QH-W-4-10	145	145	226	238	165	181	206	206	171	181	0	0	0	0	160	174	229	237
W_4		QH-W-4-11	145	145	220	230	157	167	206	213	169	178	0	0	121	168	159	168	229	229
W_4		QH-W-4-12	145	148	200	230	157	159	206	213	169	171	0	0	93	168	159	160	228	229
W_4		QH-W-4-13	145	145	194	230	157	165	204	213	169	178	0	0	102	168	159	160	229	252
W_4		QH-W-4-14	0	0	206	226	157	167	204	204	166	171	221	221	106	170	160	160	229	252
W_4		QH-W-4-15	0	0	220	226	163	167	204	213	171	171	0	0	102	106	160	160	229	229
W_4		QH-W-4-16	0	0	0	0	163	167	0	0	181	181	223	223	102	121	168	174	229	229
W_4		QH-W-4-17	0	0	226	230	163	167	204	204	171	181	225	225	102	170	160	170	229	229
W_4		QH-W-4-18	145	148	226	230	163	167	204	206	181	181	0	0	102	121	157	160	229	229
W_4		QH-W-4-19	145	145	194	216	165	165	204	204	175	181	223	223	102	121	160	160	252	252
W_4		QH-W-4-2	143	145	238	240	157	181	204	206	169	169	0	0	102	117	170	174	229	241
W_4		QH-W-4-20	145	145	220	226	165	171	204	204	169	181	225	225	102	102	160	170	229	252
W_4		QH-W-4-21	144	145	220	230	155	167	204	206	178	181	223	223	102	121	160	168	229	255
W_4		QH-W-4-22	145	148	208	226	165	179	204	204	178	181	223	223	121	121	160	170	229	252
W_4		QH-W-4-23	0	0	226	230	167	167	204	206	171	181	0	0	102	102	160	160	229	229
W_4		QH-W-4-24	145	145	220	226	165	167	204	206	169	181	223	223	102	121	160	160	234	255
W_4		QH-W-4-25	145	145	202	230	163	167	204	206	178	181	223	223	102	102	160	168	229	255
W_4		QH-W-4-26	0	0	206	226	157	167	202	204	171	171	221	223	106	106	160	166	229	252
W_4		QH-W-4-27	143	148	208	220	163	179	204	206	178	181	223	223	102	139	160	160	252	255
W_4		QH-W-4-28	0	0	208	226	163	167	202	204	172	179	223	223	102	102	166	168	229	229
W_4		QH-W-4-29	144	148	194	226	165	179	204	204	178	178	223	223	121	139	160	160	229	252
W_4		QH-W-4-3	145	145	0	0	165	181	0	0	172	181	0	0	0	0	160	174	229	237
W_4		QH-W-4-30	0	0	208	226	157	167	204	204	172	181	0	0	102	102	160	174	223	229
W_4		QH-W-4-31	145	145	220	226	167	171	204	206	178	181	0	0	102	102	160	170	229	255
W_4		QH-W-4-32	0	0	206	220	155	167	204	206	171	181	221	223	121	121	160	168	252	255
W_4		QH-W-4-33	0	0	226	230	167	179	204	204	171	178	223	223	121	121	160	170	229	229
W_4		QH-W-4-4	145	145	226	238	165	181	206	206	171	181	0	0	0	0	160	174	229	237
W_4		QH-W-4-5	145	145	226	238	165	181	206	206	171	181	0	0	0	0	160	174	229	237
W_4		QH-W-4-6	145	145	226	238	165	181	206	206	171	181	0	0	0	0	160	174	229	237
W_4		QH-W-4-7	145	145	226	238	165	181	206	206	171	181	0	0	0	0	160	174	229	237
W_4		QH-W-4-8	145	145	226	238	165	181	206	206	171	181	0	0	0	0	160	174	229	237
W_4		QH-W-4-9	145	145	226	238	165	181	206	206	171	181	0	0	0	0	160	174	229	237
W_5		QH-W-5-1	144	148	222	222	167	169	204	219	171	181	223	223	110	123	160	163	223	252
W_5		QH-W-5-10	144	148	226	226	167	169	204	211	181	181	223	223	102	154	161	172	235	252
W_5		QH-W-5-11	144	148	226	226	167	169	204	211	181	181	223	223	102	148	161	172	235	252
W_5		QH-W-5-12	145	148	218	226	159	185	204	208	171	181	223	223	102	121	160	160	229	232
W_5		QH-W-5-13	145	145	196	226	165	185	225	225	178	181	223	223	100	102	0	0	229	232
W_5		QH-W-5-14	145	145	226	226	183	185	204	206	171	181	223	223	121	158	160	164	229	232
W_5		QH-W-5-15	145	145	226	226	185	189	204	206	171	181	223	223	121	158	160	164	229	232
W_5		QH-W-5-16	145	148	196	222	159	165	204	204	171	178	223	223	102	119	162	177	223	229
W_5		QH-W-5-17	145	148	196	222	159	165	204	204	171	178	223	223	102	119	162	177	223	229
W_5		QH-W-5-18	145	148	196	222	159	165	204	204	171	178	223	223	102	119	0	0	0	0
W_5		QH-W-5-19	145	148	226	230	163	163	204	204	169	181	0	0	93	102	160	168	229	252
W_5		QH-W-5-2	145	148	200	220	159	165	202	204	181	181	223	223	100	102	161	168	223	255
W_5		QH-W-5-20	144	148	222	226	163	173	204	206	169	169	223	223	102	102	168	168	229	241
W_5		QH-W-5-21	144	148	200	220	159	165	202	204	181	181	223	223	100	102	161	168	223	255
W_5		QH-W-5-22	144	145	202	230	169	169	204	213	171	181	223	223	117	121	166	166	223	229
W_5		QH-W-5-23	144	144	226	232	169	175	204	217	172	172	223	223	102	117	165	165	229	241
W_5		QH-W-5-24	145	145	226	234	167	167	204	204	171	181	223	223	117	117	160	172	252	258
W_5		QH-W-5-25	145	148	222	226	163	163	219	219	181	181	225	225	102	102	169	172	223	231
W_5		QH-W-5-26	145	145	226	226	163	165	204	225	170	184	0	0	102	102	163	167	229	258
W_5		QH-W-5-27	145	148	200	226	163	167	204	213	171	181	223	223	102	123	160	171	223	223
W_5		QH-W-5-28	145	148	222	226	159	179	204	224	181	181	223	223	110	117	159	174	229	258
W_5		QH-W-5-29	145	148	200	216	159	169	204	206	171	181	224	224	102	121	162	170	232	255
W_5		QH-W-5-3	145	145	220	226	165	185	204	204	171	181	0	0	102	117	0	0	232	255
W_5		QH-W-5-30	143	145	206	230	165	183	204	204	178	181	223	223	102	102	161	166	252	252
W_5		QH-W-5-4	143	148	206	230	163	169	204	213	171	171	223	223	102	102	159	162	229	252
W_5		QH-W-5-5	145	145	226	226	165	181	204	204	171	181	224	224	102	102	0	0	229	229
W_5		QH-W-5-6	143	143	200	226	163	169	204	206	178	181	223	223	102	110	160	174	252	258
W_5		QH-W-5-7	143	144	200	226	163	169	204	206	178	181	223	223	102	110	160	174	252	258
W_5		QH-W-5-8	145	145	200	230	163	167	204	204	178	181	223	223	102	110	164	169	229	232
W_5		QH-W-5-9	148	148	226	226	163	163	204	206	172	181	223	223	102	102	163	164	229	252
W_6		QH-W-6-1	145	145	228	230	179	179	204	204	169	181	223	223	119	121	0	0	0	0
W_6		QH-W-6-10	145	148	200	226	163	179	213	221	181	181	223	223	102	117	162	167	235	252
W_6		QH-W-6-11	144	148	222	228	165	167	204	206	181	181	223	223	0	0	0	0	229	235
W_6		QH-W-6-12	145	148	222	226	167	175	204	213	178	181	223	223	102	119	164	166	229	241
W_6		QH-W-6-13	144	144	226	226	173	173	204	204	181	181	0	0	119	123	166	166	229	229
W_6		QH-W-6-14	144	148	228	230	169	173	204	211	181	181	0	0	106	117	160	160	229	252
W_6		QH-W-6-15	144	148	226	230	157	189	204	206	171	181	223	223	102	154	160	168	229	229
W_6		QH-W-6-16	144	148	210	226	165	171	204	213	171	181	0	0	0	0	160	174	0	0
W_6		QH-W-6-17	145	145	226	228	165	169	204	204	171	171	223	223	110	123	157	169	229	229
W_6		QH-W-6-18	148	148	220	226	157	171	204	217	171	181	223	223	102	112	0	0	229	229
W_6		QH-W-6-19	145	145	0	0	0	0	204	217	0	0	223	223	0	0	166	172	229	229
W_6		QH-W-6-2	145	145	208	226	165	181	204	204	181	181	223	223	110	117	160	174	223	226
W_6		QH-W-6-20	145	148	226	230	167	177	204	213	178	181	0	0	102	123	160	160	231	235
W_6		QH-W-6-21	145	145	220	222	157	179	204	204	181	181	0	0	102	102	160	160	229	229
W_6		QH-W-6-22	145	145	194	226	163	179	204	219	181	181	0	0	102	119	166	170	229	229
W_6		QH-W-6-23	144	148	200	226	173	189	213	215	169	169	223	223	102	117	160	168	229	235
W_6		QH-W-6-24	145	145	202	226	165	179	215	215	171	181	223	223	102	114	160	160	229	229
W_6		QH-W-6-25	145	145	222	226	155	165	204	213	171	181	0	0	0	0	0	0	0	0
W_6		QH-W-6-26	145	145	222	226	163	165	204	213	171	181	225	225	0	0	0	0	224	255
W_6		QH-W-6-27	0	0	226	226	157	157	204	204	181	181	0	0	102	102	156	160	229	252
W_6		QH-W-6-28	0	0	226	226	157	157	204	204	181	181	0	0	102	102	0	0	229	252
W_6		QH-W-6-29	0	0	226	226	157	157	204	204	181	181	0	0	102	102	0	0	229	252
W_6		QH-W-6-3	145	145	226	226	157	165	206	213	171	181	223	223	102	102	164	168	223	229
W_6		QH-W-6-30	145	148	226	228	165	171	204	204	171	181	223	223	114	131	159	159	235	252
W_6		QH-W-6-31	145	145	226	226	157	165	204	215	181	181	223	223	102	119	156	156	229	252
W_6		QH-W-6-32	148	148	200	228	157	163	204	213	171	171	0	0	0	0	0	0	229	229
W_6		QH-W-6-33	144	148	200	228	157	157	204	213	169	181	0	0	102	102	0	0	229	229
W_6		QH-W-6-34	145	145	218	220	179	187	204	204	171	181	0	0	0	0	0	0	229	229
W_6		QH-W-6-35	145	148	228	232	165	189	204	204	169	181	0	0	0	0	0	0	229	234
W_6		QH-W-6-4	144	144	228	230	163	165	204	204	181	181	223	223	102	119	160	174	229	229
W_6		QH-W-6-5	148	148	200	226	157	173	204	215	181	181	223	223	119	119	174	174	229	229
W_6		QH-W-6-6	145	145	0	0	165	179	204	213	181	181	223	223	0	0	168	168	223	229
W_6		QH-W-6-7	145	145	226	226	157	165	204	206	170	181	223	223	93	102	160	164	229	229
W_6		QH-W-6-8	144	144	226	230	163	165	204	204	171	181	0	0	102	102	161	164	229	252
W_6		QH-W-6-9	144	145	226	228	157	175	213	213	171	181	0	0	106	121	162	162	223	234
W_7		QH-W-7-1	144	148	200	226	163	165	204	204	181	181	223	223	102	110	0	0	0	0
W_7		QH-W-7-10	145	145	220	226	171	179	204	206	171	181	223	223	102	117	160	160	241	247
W_7		QH-W-7-11	145	145	218	226	163	167	206	206	171	181	219	219	119	119	166	168	229	252
W_7		QH-W-7-12	145	145	226	226	171	171	204	206	171	178	223	223	102	112	168	174	229	229
W_7		QH-W-7-13	145	145	220	220	157	159	204	204	178	181	223	223	0	0	0	0	229	241
W_7		QH-W-7-14	145	145	228	230	181	181	204	204	172	172	0	0	0	0	0	0	229	247
W_7		QH-W-7-15	145	145	222	222	159	179	204	204	181	181	0	0	0	0	0	0	229	252
W_7		QH-W-7-16	145	145	226	226	171	179	204	206	171	181	223	223	0	0	0	0	229	229
W_7		QH-W-7-17	145	145	226	226	165	165	204	206	171	181	0	0	117	119	160	167	229	229
W_7		QH-W-7-18	144	144	208	226	177	189	213	233	166	172	223	223	119	119	160	168	243	255
W_7		QH-W-7-19	144	144	218	230	157	179	204	211	181	187	0	0	117	121	160	160	229	229
W_7		QH-W-7-2	144	148	208	226	159	165	204	213	169	181	223	223	119	121	160	166	229	243
W_7		QH-W-7-20	145	148	200	230	159	167	208	211	178	181	223	223	102	139	160	160	229	252
W_7		QH-W-7-21	145	148	222	222	159	169	204	206	187	187	223	225	102	102	160	160	229	235
W_7		QH-W-7-22	144	148	226	228	159	187	204	213	171	181	0	0	102	110	160	167	229	235
W_7		QH-W-7-23	145	145	226	230	165	181	202	206	181	190	223	223	102	106	160	165	229	252
W_7		QH-W-7-24	145	151	222	226	165	171	204	206	174	181	223	223	112	119	160	167	229	232
W_7		QH-W-7-25	148	148	200	220	159	165	204	206	178	181	223	223	102	102	160	167	231	252
W_7		QH-W-7-26	145	145	218	226	163	175	204	237	169	169	223	223	102	121	160	160	229	232
W_7		QH-W-7-27	145	145	200	222	163	171	204	206	169	187	223	223	102	102	0	0	235	252
W_7		QH-W-7-28	145	151	222	226	165	171	204	206	171	181	223	223	112	112	167	167	229	229
W_7		QH-W-7-29	145	145	226	226	171	181	206	217	171	171	0	0	121	121	164	166	229	229
W_7		QH-W-7-3	148	151	202	226	159	165	206	223	171	181	0	0	102	117	160	167	229	229
W_7		QH-W-7-30	145	145	226	226	171	181	206	217	171	171	0	0	121	121	164	166	229	229
W_7		QH-W-7-31	145	145	226	226	165	189	206	233	169	181	223	223	102	123	167	167	229	229
W_7		QH-W-7-32	145	151	226	226	173	181	204	206	171	181	0	0	110	121	0	0	229	229
W_7		QH-W-7-4	148	151	202	226	159	165	206	223	171	181	0	0	102	117	160	167	229	229
W_7		QH-W-7-5	145	148	226	226	159	171	204	204	181	187	0	0	0	0	165	168	229	241
W_7		QH-W-7-6	145	148	226	226	159	165	204	204	169	181	223	223	117	119	166	166	229	235
W_7		QH-W-7-7	148	148	202	226	157	159	206	213	181	181	223	223	102	110	0	0	229	241
W_7		QH-W-7-8	145	148	218	220	159	167	204	206	181	190	223	223	102	106	160	168	229	241
W_7		QH-W-7-9	145	148	220	226	159	179	202	204	172	181	223	223	102	117	160	166	229	241
W_8		QH-W-8-1	145	145	228	228	157	179	204	204	169	181	223	223	112	121	160	164	223	229
W_8		QH-W-8-10	145	145	200	230	165	179	204	215	171	181	223	223	102	139	160	171	223	252
W_8		QH-W-8-11	144	148	228	230	157	165	213	215	171	181	225	225	102	117	160	172	235	237
W_8		QH-W-8-12	145	148	202	226	165	179	204	204	181	181	223	223	102	121	0	0	229	229
W_8		QH-W-8-13	145	145	200	226	165	165	213	215	181	181	0	0	102	112	167	171	237	252
W_8		QH-W-8-14	144	144	200	226	157	165	215	219	171	181	0	0	102	102	173	175	237	252
W_8		QH-W-8-15	144	148	200	230	157	165	213	219	181	181	0	0	102	123	0	0	223	252
W_8		QH-W-8-16	145	145	202	230	165	179	204	204	0	0	223	223	102	121	172	172	229	234
W_8		QH-W-8-17	144	144	202	230	165	179	204	204	171	181	223	223	102	121	172	172	229	234
W_8		QH-W-8-18	144	148	202	226	165	165	204	204	169	171	223	223	0	0	160	160	229	229
W_8		QH-W-8-19	145	145	202	226	157	165	204	213	171	181	219	219	121	121	160	172	229	234
W_8		QH-W-8-2	144	144	208	220	165	167	204	206	171	171	223	223	102	102	160	168	229	252
W_8		QH-W-8-20	145	145	226	228	165	169	202	204	169	181	223	225	102	112	160	170	229	229
W_8		QH-W-8-21	145	145	222	228	165	177	204	219	172	172	223	223	110	110	160	166	223	229
W_8		QH-W-8-22	148	148	220	230	159	159	204	204	181	181	223	223	0	0	166	168	222	229
W_8		QH-W-8-23	145	145	200	228	169	179	208	208	171	181	0	0	110	114	160	173	229	240
W_8		QH-W-8-24	140	144	202	228	165	179	197	204	175	181	0	0	102	110	172	172	229	240
W_8		QH-W-8-25	144	148	228	230	157	171	202	202	171	171	223	223	102	102	171	171	240	252
W_8		QH-W-8-26	145	148	200	228	171	179	204	204	171	181	0	0	102	121	171	171	229	240
W_8		QH-W-8-27	145	145	228	228	157	179	204	213	171	181	0	0	102	117	171	176	237	237
W_8		QH-W-8-28	145	145	222	228	157	157	204	204	171	181	0	0	102	112	159	170	229	241
W_8		QH-W-8-29	145	148	228	228	179	179	204	213	171	181	0	0	102	102	166	171	237	241
W_8		QH-W-8-3	145	148	200	230	157	159	204	204	171	181	0	0	102	110	160	170	229	252
W_8		QH-W-8-30	144	148	226	228	157	171	204	204	0	0	223	223	117	127	159	168	229	252
W_8		QH-W-8-31	145	148	202	230	167	171	213	213	171	178	223	223	102	127	159	159	229	252
W_8		QH-W-8-32	145	148	228	230	171	183	204	213	0	0	0	0	127	127	0	0	229	252
W_8		QH-W-8-33	145	148	228	230	171	183	204	213	169	169	0	0	127	127	0	0	229	252
W_8		QH-W-8-34	145	145	226	226	165	165	204	215	181	181	219	223	102	123	161	171	229	229
W_8		QH-W-8-35	145	148	228	232	159	165	204	215	171	181	0	0	102	110	162	168	229	260
W_8		QH-W-8-36	145	148	200	226	159	165	204	204	169	171	225	225	110	121	0	0	229	229
W_8		QH-W-8-37	144	148	202	226	157	159	204	213	181	181	0	0	121	162	160	172	229	229
W_8		QH-W-8-38	148	148	200	226	159	183	204	213	171	181	0	0	93	121	160	168	229	229
W_8		QH-W-8-39	144	144	200	228	157	163	204	204	171	171	223	223	110	133	160	160	229	229
W_8		QH-W-8-4	145	148	222	232	159	167	204	204	171	181	223	225	102	102	168	168	229	252
W_8		QH-W-8-5	145	148	200	230	157	159	204	204	0	0	223	223	102	110	160	170	229	252
W_8		QH-W-8-6	145	148	200	230	157	159	204	204	171	181	223	223	102	110	160	170	229	252
W_8		QH-W-8-7	145	148	222	232	159	167	204	204	171	181	223	225	102	102	168	168	229	252
W_8		QH-W-8-8	145	145	226	230	157	179	204	215	181	181	223	223	0	0	166	170	229	229
W_8		QH-W-8-9	145	145	200	230	165	179	204	215	171	181	223	223	102	139	160	171	223	252
W_9		QH-W-9-1	144	144	222	226	159	183	0	0	172	181	225	225	117	117	161	173	229	229
W_9		QH-W-9-10	145	145	228	228	163	183	204	204	181	181	0	0	93	102	166	168	226	229
W_9		QH-W-9-11	144	148	0	0	157	165	204	206	181	184	0	0	0	0	0	0	0	0
W_9		QH-W-9-12	145	145	200	226	183	183	204	215	172	181	223	223	110	123	160	160	231	252
W_9		QH-W-9-13	145	148	210	222	173	185	204	204	181	181	223	223	110	121	156	160	232	252
W_9		QH-W-9-14	145	148	210	222	173	185	204	204	181	181	223	223	0	0	156	160	232	252
W_9		QH-W-9-15	144	148	0	0	0	0	204	204	171	181	0	0	0	0	0	0	0	0
W_9		QH-W-9-16	0	0	0	0	0	0	0	0	0	0	0	0	0	0	0	0	0	0
W_9		QH-W-9-17	144	144	226	226	157	165	204	213	171	181	223	223	0	0	0	0	0	0
W_9		QH-W-9-18	0	0	0	0	0	0	0	0	0	0	0	0	0	0	0	0	0	0
W_9		QH-W-9-19	144	148	0	0	0	0	204	204	171	181	223	225	0	0	161	161	0	0
W_9		QH-W-9-2	144	148	226	226	159	165	204	221	169	169	223	223	121	137	159	159	229	235
W_9		QH-W-9-20	145	145	226	226	157	163	205	205	171	181	0	0	110	133	160	168	223	229
W_9		QH-W-9-21	145	148	202	226	167	179	206	206	181	181	223	223	117	119	160	171	229	252
W_9		QH-W-9-22	145	148	220	228	165	183	204	204	171	178	223	223	102	112	159	169	229	229
W_9		QH-W-9-23	145	148	196	230	183	183	204	219	181	184	225	225	100	102	159	167	252	252
W_9		QH-W-9-24	144	144	191	226	159	171	204	213	175	181	223	223	100	123	159	174	223	223
W_9		QH-W-9-25	145	145	191	226	159	171	204	213	175	181	223	223	100	123	159	174	223	223
W_9		QH-W-9-26	145	145	208	224	165	179	204	204	171	181	0	0	102	139	160	172	229	232
W_9		QH-W-9-27	144	144	208	226	165	167	202	204	172	172	0	0	102	131	160	160	232	252
W_9		QH-W-9-28	144	148	222	226	165	183	204	213	171	181	0	0	110	139	160	174	229	229
W_9		QH-W-9-29	144	144	218	228	159	167	206	206	181	181	0	0	102	119	160	173	229	229
W_9		QH-W-9-3	145	145	226	226	165	177	204	237	171	181	223	223	102	110	0	0	229	229
W_9		QH-W-9-30	145	148	222	226	165	165	204	219	181	181	0	0	110	119	157	159	229	255
W_9		QH-W-9-31	144	148	210	226	159	165	206	206	169	181	223	223	117	123	160	174	229	229
W_9		QH-W-9-32	145	148	226	226	165	167	204	206	171	181	0	0	119	119	159	159	223	229
W_9		QH-W-9-33	145	145	202	226	157	165	204	204	0	0	223	223	110	121	0	0	222	229
W_9		QH-W-9-34	145	145	202	210	171	179	204	209	178	178	0	0	102	110	160	168	229	235
W_9		QH-W-9-35	145	145	226	226	165	183	202	204	169	181	223	223	112	117	168	168	0	0
W_9		QH-W-9-4	148	148	218	222	173	179	0	0	0	0	0	0	117	121	160	168	229	232
W_9		QH-W-9-5	145	148	210	226	157	179	202	204	171	171	0	0	102	102	164	164	229	229
W_9		QH-W-9-6	145	145	222	228	157	163	219	219	181	181	223	223	110	121	159	160	229	235
W_9		QH-W-9-7	145	148	202	226	165	173	204	204	181	181	223	223	102	112	160	175	226	241
W_9		QH-W-9-8	145	148	202	226	165	173	204	204	181	181	223	223	102	112	160	175	226	241
W_9		QH-W-9-9	145	145	222	226	175	175	202	204	181	181	223	223	110	131	160	168	229	252
W_AUX_1	QH-W-AUX1-1	144	144	0	0	0	0	0	0	169	181	0	0	102	110	160	174	223	229
W_AUX_1	QH-W-AUX1-2	145	145	0	0	0	0	0	0	169	181	223	225	102	110	160	174	223	229
W_AUX_1	QH-W-AUX1-3	145	148	226	226	163	163	204	204	172	181	225	225	102	102	160	166	229	231
W_AUX_1	QH-W-AUX1-4	143	148	202	222	159	159	200	206	172	172	223	225	110	125	160	169	220	229
W_AUX_1	QH-W-AUX1-5	145	145	0	0	0	0	0	0	169	181	223	225	102	110	160	174	223	229
W_AUX_1	QH-W-AUX1-6	145	145	222	228	157	157	206	206	172	181	223	225	102	112	160	169	220	229
W_AUX_1	QH-W-AUX1-7	144	148	220	226	165	165	206	215	181	181	223	223	102	117	160	169	229	231
W_AUX_1	QH-W-AUX1-8	144	148	220	228	165	177	0	0	181	181	223	223	114	117	160	169	229	231
W_AUX_2	QH-W-AUX2-1	144	144	202	208	157	181	204	208	175	178	223	223	121	156	163	175	229	229
W_AUX_2	QH-W-AUX2-2	144	144	202	208	157	181	204	208	175	178	223	223	121	156	163	175	229	229
W_AUX_2	QH-W-AUX2-3	144	144	202	208	157	181	204	208	175	178	223	223	121	156	163	175	229	229
W_AUX_2	QH-W-AUX2-4	145	145	202	208	157	181	204	208	175	178	223	223	0	0	163	175	229	229
W_AUX_2	QH-W-AUX2-5	144	159	208	224	165	167	204	206	0	0	0	0	0	0	0	0	0	0
W_AUX_3	QH-W-AUX3-1	145	148	210	228	159	163	204	213	181	181	223	223	0	0	160	172	229	252
W_AUX_3	QH-W-AUX3-10	145	148	204	226	167	179	204	204	171	181	225	225	0	0	160	168	229	229
W_AUX_3	QH-W-AUX3-11	144	148	210	218	159	169	204	213	169	181	223	223	93	102	167	172	223	229
W_AUX_3	QH-W-AUX3-12	145	145	226	228	157	163	204	204	178	181	0	0	0	0	172	172	220	229
W_AUX_3	QH-W-AUX3-13	145	145	226	228	175	179	213	222	171	181	225	225	0	0	0	0	229	229
W_AUX_3	QH-W-AUX3-14	145	148	226	228	0	0	204	204	0	0	219	219	0	0	160	166	220	229
W_AUX_3	QH-W-AUX3-15	145	148	0	0	0	0	204	204	171	181	0	0	0	0	0	0	229	229
W_AUX_3	QH-W-AUX3-16	148	148	218	220	159	183	204	215	0	0	225	225	102	119	160	172	229	231
W_AUX_3	QH-W-AUX3-17	145	145	226	228	175	179	213	222	171	181	225	225	0	0	159	160	229	229
W_AUX_3	QH-W-AUX3-18	145	148	204	220	165	179	204	213	181	181	225	225	102	117	160	168	229	235
W_AUX_3	QH-W-AUX3-2	144	148	210	226	171	181	204	223	169	181	223	223	93	119	166	173	223	229
W_AUX_3	QH-W-AUX3-3	145	145	204	226	163	179	204	204	171	171	0	0	0	0	160	160	220	229
W_AUX_3	QH-W-AUX3-4	144	148	226	226	157	159	204	204	169	181	0	0	102	121	160	160	229	229
W_AUX_3	QH-W-AUX3-5	145	148	210	220	159	185	211	211	171	171	219	223	102	102	159	167	229	252
W_AUX_3	QH-W-AUX3-6	144	148	200	226	165	181	198	204	0	0	0	0	0	0	160	164	229	237
W_AUX_3	QH-W-AUX3-7	148	148	210	226	159	183	211	213	181	181	223	223	102	121	160	171	220	252
W_AUX_3	QH-W-AUX3-8	144	148	0	0	159	169	0	0	172	181	223	223	93	102	167	172	223	229
W_AUX_3	QH-W-AUX3-9	145	148	204	220	165	179	204	213	181	181	225	225	102	117	160	168	229	235
W_AUX_4	QH-W-AUX4-1	144	148	226	226	157	165	204	204	171	181	0	0	110	121	168	171	252	252