Sample,Population,QS03797_1,QS03797_2,MSQ13_1,MSQ13_2,QrZAG20_1,QrZAG20_2,QpZAG110_1,QpZAG110_2,QS00314_1,QS00314_2,QS00562_1,QS00562_2,QrZAG87_1,QrZAG87_2,QpZAG15_1,QpZAG15_2,QM692M_1,QM692M_2
QH-E-1-1,E_1,144,148,226,226,160,169,161,204,166,166,0,0,100,100,168,168,0,0
QH-E-1-10,E_1,144,148,226,230,0,0,161,204,166,175,223,225,100,100,0,0,0,0
QH-E-1-11,E_1,148,148,226,226,169,179,161,161,166,166,223,223,100,100,168,168,223,232
QH-E-1-12,E_1,144,148,0,0,157,157,204,204,175,175,223,225,98,100,169,171,232,236
QH-E-1-13,E_1,148,148,226,226,157,169,161,161,166,166,223,223,98,100,168,168,220,235
QH-E-1-14,E_1,148,148,226,230,169,179,204,206,166,175,225,225,100,100,171,171,232,235
QH-E-1-15,E_1,148,148,226,228,157,179,161,204,166,166,223,223,100,100,167,170,220,232
QH-E-1-16,E_1,144,148,0,0,155,157,161,204,166,175,223,225,100,100,168,171,232,235
QH-E-1-17,E_1,148,148,226,228,157,157,204,204,166,175,0,0,99,100,171,171,229,232
QH-E-1-18,E_1,148,148,226,226,179,179,161,204,166,175,223,223,100,100,167,169,220,235
QH-E-1-19,E_1,144,144,226,226,157,160,202,205,166,175,223,223,96,100,168,175,232,235
QH-E-1-2,E_1,148,148,226,226,169,179,204,204,166,166,223,223,96,100,160,169,0,0
QH-E-1-20,E_1,148,148,226,226,157,179,161,205,175,175,225,225,98,100,168,177,232,235
QH-E-1-21,E_1,148,148,226,228,179,181,204,204,175,175,223,223,98,100,160,169,235,235
QH-E-1-3,E_1,144,148,226,226,157,159,161,204,166,175,0,0,96,100,167,171,232,232
QH-E-1-4,E_1,145,148,226,226,159,179,161,161,166,175,223,223,100,100,166,168,232,235
QH-E-1-5,E_1,144,148,226,228,155,157,161,204,166,175,0,0,98,100,168,168,232,235
QH-E-1-6,E_1,144,148,226,228,155,163,161,204,166,166,0,0,100,100,168,171,220,235
QH-E-1-7,E_1,144,148,226,226,157,165,204,204,175,178,0,0,98,100,168,168,232,235
QH-E-1-8,E_1,144,148,226,226,157,165,204,204,175,178,0,0,98,100,168,168,232,235
QH-E-1-9,E_1,144,148,226,226,157,165,204,204,175,178,223,223,98,100,168,168,232,235
QH-E-14-1,E_14,145,145,226,226,160,165,161,208,166,178,0,0,96,100,160,168,235,241
QH-E-14-10,E_14,0,0,200,228,160,171,204,204,173,175,223,223,96,102,162,162,235,252
QH-E-14-11,E_14,144,148,218,226,157,167,161,204,176,176,0,0,0,0,0,0,232,236
QH-E-14-12,E_14,144,144,224,228,155,163,206,208,175,178,0,0,0,0,0,0,0,0
QH-E-14-2,E_14,148,148,226,228,167,179,161,204,175,178,223,225,100,100,160,171,235,235
QH-E-14-3,E_14,145,145,226,226,160,177,161,161,0,0,0,0,100,100,159,159,220,232
QH-E-14-4,E_14,144,148,226,228,163,169,204,206,178,178,223,223,100,102,168,183,232,239
QH-E-14-5,E_14,144,148,226,228,163,169,204,206,178,178,223,223,100,102,168,183,0,0
QH-E-14-6,E_14,144,148,226,228,157,163,161,161,169,175,223,225,100,100,0,0,232,232
QH-E-14-7,E_14,142,148,216,234,157,157,202,202,175,175,223,223,114,119,162,167,227,232
QH-E-14-8,E_14,0,0,200,228,160,171,204,204,173,175,223,223,96,102,0,0,235,252
QH-E-14-9,E_14,0,0,200,228,160,171,204,204,173,175,223,223,96,102,162,162,235,252
QH-E-15-1,E_15,145,145,0,0,160,179,202,215,175,178,225,225,96,100,171,171,231,235
QH-E-15-10,E_15,0,0,0,0,157,163,204,204,175,178,223,223,96,100,169,169,232,241
QH-E-15-11,E_15,144,148,226,226,155,179,204,204,166,166,223,225,98,102,160,171,235,252
QH-E-15-12,E_15,145,145,190,224,160,179,204,208,175,175,225,225,96,96,171,171,231,232
QH-E-15-2,E_15,145,148,226,226,160,179,204,204,175,175,223,223,93,96,168,168,231,243
QH-E-15-3,E_15,144,148,226,228,155,160,161,204,170,179,225,225,96,100,169,169,241,241
QH-E-15-4,E_15,148,148,226,226,157,179,204,204,166,166,223,223,98,100,168,168,232,236
QH-E-15-5,E_15,144,148,0,0,163,179,161,204,175,178,223,223,100,100,160,168,220,235
QH-E-15-6,E_15,148,148,0,0,157,179,161,204,166,175,223,223,100,100,168,171,236,236
QH-E-15-7,E_15,148,148,218,226,157,171,202,204,166,181,223,223,96,100,167,167,235,237
QH-E-15-8,E_15,148,148,218,226,157,171,200,202,166,181,223,223,96,100,167,167,235,237
QH-E-15-9,E_15,145,148,224,226,157,160,161,206,173,175,223,223,96,100,160,171,232,232
QH-E-2-1,E_2,145,145,226,226,160,179,161,208,166,166,223,225,98,100,169,171,232,235
QH-E-2-10,E_2,148,148,226,226,157,157,202,204,166,169,225,225,98,100,160,169,220,220
QH-E-2-11,E_2,144,145,226,226,155,179,204,204,175,175,223,223,98,100,168,168,232,235
QH-E-2-12,E_2,144,148,226,226,157,157,161,204,166,166,223,223,100,100,160,171,232,236
QH-E-2-13,E_2,145,148,226,226,169,179,161,161,166,175,223,223,100,100,168,168,220,232
QH-E-2-14,E_2,148,148,226,226,157,157,204,204,175,175,223,225,100,100,169,171,232,235
QH-E-2-15,E_2,145,148,226,226,157,169,161,204,166,175,223,223,100,100,168,168,232,232
QH-E-2-16,E_2,144,145,226,228,157,157,204,204,166,169,223,223,98,100,169,175,232,237
QH-E-2-17,E_2,144,148,226,226,157,157,204,204,166,175,0,0,0,0,0,0,0,0
QH-E-2-18,E_2,145,148,226,230,157,179,204,208,166,166,225,225,100,100,168,168,235,235
QH-E-2-19,E_2,148,148,226,226,157,179,161,205,166,169,223,223,98,100,168,171,220,232
QH-E-2-2,E_2,148,148,226,226,157,179,161,204,166,175,223,225,100,100,168,168,0,0
QH-E-2-20,E_2,145,148,226,230,157,179,204,208,166,166,225,225,100,100,168,168,235,235
QH-E-2-21,E_2,144,144,226,226,155,157,204,204,166,175,223,225,96,100,168,168,232,235
QH-E-2-22,E_2,148,148,226,226,157,179,161,204,166,175,225,225,100,100,168,168,220,232
QH-E-2-23,E_2,148,148,226,226,157,179,161,204,166,175,225,225,100,100,168,168,220,232
QH-E-2-24,E_2,144,144,226,228,155,169,161,204,166,166,223,223,100,100,169,169,232,232
QH-E-2-25,E_2,144,144,226,228,155,155,161,209,166,175,225,225,98,100,168,168,220,220
QH-E-2-3,E_2,0,0,0,0,0,0,0,0,0,0,223,225,98,100,160,169,220,249
QH-E-2-4,E_2,145,148,226,226,169,179,204,210,166,166,223,225,98,100,160,169,220,249
QH-E-2-5,E_2,145,145,226,228,169,169,161,204,166,166,225,225,98,100,160,168,220,235
QH-E-2-6,E_2,145,148,226,226,157,169,204,204,166,166,0,0,100,100,0,0,220,231
QH-E-2-7,E_2,148,148,226,226,157,157,202,204,166,169,0,0,98,100,160,169,220,220
QH-E-2-8,E_2,148,148,226,226,157,157,202,204,166,169,0,0,98,100,160,169,220,220
QH-E-2-9,E_2,148,148,226,226,157,157,202,204,166,169,0,0,98,100,160,169,220,220
QH-E-3-1,E_3,148,148,226,226,171,171,161,204,166,178,223,223,98,100,160,160,232,232
QH-E-3-10,E_3,144,148,226,226,155,157,204,204,166,175,223,225,100,100,168,171,232,232
QH-E-3-11,E_3,144,148,226,226,155,157,204,204,166,175,223,225,100,100,168,171,232,232
QH-E-3-12,E_3,144,148,226,226,155,157,161,202,166,175,223,223,100,100,168,171,232,232
QH-E-3-14,E_3,145,145,226,226,167,179,161,204,166,175,223,223,100,102,168,174,236,236
QH-E-3-15,E_3,148,148,226,228,157,169,204,208,166,166,223,223,100,100,168,168,232,232
QH-E-3-16,E_3,145,148,226,226,157,179,161,161,175,175,223,223,98,100,168,168,235,235
QH-E-3-17,E_3,145,148,226,226,157,179,161,161,175,175,223,223,98,100,168,168,235,235
QH-E-3-18,E_3,145,148,226,226,157,179,161,161,175,175,223,223,98,100,168,168,235,235
QH-E-3-19,E_3,144,148,226,226,157,157,161,161,166,175,0,0,100,100,168,168,232,235
QH-E-3-2,E_3,148,148,226,226,157,157,208,208,166,166,223,225,98,100,168,168,220,235
QH-E-3-20,E_3,144,148,226,226,157,157,161,161,166,175,223,223,100,100,168,168,232,235
QH-E-3-21,E_3,145,148,226,228,169,179,204,204,166,175,223,223,100,100,168,168,220,232
QH-E-3-22,E_3,144,144,226,226,159,165,161,206,166,166,223,223,0,0,168,168,232,232
QH-E-3-23,E_3,145,148,226,226,167,179,161,204,175,175,223,225,98,100,160,179,235,235
QH-E-3-24,E_3,145,148,226,226,169,179,161,205,175,175,223,223,98,100,160,160,232,235
QH-E-3-25,E_3,144,148,226,226,157,157,161,204,175,175,223,223,100,100,160,168,232,235
QH-E-3-26,E_3,144,148,226,226,157,157,161,204,175,175,0,0,0,0,0,0,232,235
QH-E-3-27,E_3,148,148,226,226,157,169,161,161,166,166,225,225,100,100,160,171,232,235
QH-E-3-28,E_3,148,148,226,226,157,157,204,204,166,166,225,225,100,100,160,160,232,232
QH-E-3-3,E_3,0,0,0,0,0,0,0,0,0,0,0,0,0,0,0,0,0,0
QH-E-3-4,E_3,148,148,226,226,157,157,208,208,166,166,223,225,98,100,168,168,220,235
QH-E-3-5,E_3,148,151,226,226,157,157,161,206,166,175,223,223,100,100,168,168,231,235
QH-E-3-6,E_3,145,151,226,226,157,179,161,161,166,166,223,223,100,100,168,168,232,235
QH-E-3-7,E_3,145,148,226,228,157,165,161,204,166,175,223,223,100,100,168,177,220,235
QH-E-3-8,E_3,145,148,226,228,157,165,161,204,166,175,223,223,100,100,168,177,220,235
QH-E-3-9,E_3,144,148,226,226,157,165,161,204,166,175,223,223,100,100,168,170,220,235
QH-E-4-1,E_4,144,148,226,226,155,169,204,208,175,175,223,223,100,100,169,177,232,232
QH-E-4-10,E_4,144,144,226,226,157,160,204,204,166,166,223,223,98,100,168,168,232,235
QH-E-4-11,E_4,148,148,197,226,167,167,204,204,166,166,223,223,98,100,160,169,220,235
QH-E-4-12,E_4,145,145,226,226,169,181,204,208,166,175,223,223,98,98,168,168,220,232
QH-E-4-13,E_4,144,144,226,226,157,157,161,208,166,166,223,223,100,100,171,171,232,237
QH-E-4-14,E_4,148,148,226,226,179,179,204,204,166,166,223,223,99,100,169,169,232,246
QH-E-4-15,E_4,148,148,226,226,0,0,161,204,166,175,223,223,100,100,160,169,232,235
QH-E-4-16,E_4,148,148,226,226,0,0,161,204,0,0,223,223,100,100,160,169,232,235
QH-E-4-17,E_4,145,148,226,226,165,179,161,204,0,0,223,223,96,100,160,168,232,236
QH-E-4-18,E_4,145,148,226,226,165,179,161,204,0,0,223,223,96,100,160,168,232,236
QH-E-4-19,E_4,145,148,226,226,165,179,161,204,0,0,223,223,96,100,160,168,232,236
QH-E-4-2,E_4,148,148,226,226,167,171,161,204,166,175,223,223,100,100,174,174,232,232
QH-E-4-3,E_4,148,148,226,226,157,157,204,208,166,175,223,225,98,100,168,168,0,0
QH-E-4-4,E_4,145,148,226,226,157,169,161,204,166,175,225,225,99,100,168,168,232,232
QH-E-4-5,E_4,144,148,226,228,157,159,204,204,166,166,223,223,96,100,171,171,0,0
QH-E-4-6,E_4,144,148,226,228,157,159,204,204,166,166,223,223,96,100,171,171,235,236
QH-E-4-7,E_4,144,148,226,228,157,159,204,204,166,166,223,223,96,100,171,171,235,236
QH-E-4-8,E_4,144,148,226,228,157,159,204,204,166,166,223,223,96,100,171,171,235,236
QH-E-4-9,E_4,145,145,226,228,157,179,161,204,166,178,223,223,100,100,168,168,232,232
QH-E-5-1,E_5,148,148,226,228,157,157,204,204,166,175,223,223,100,123,159,169,232,235
QH-E-5-10,E_5,148,148,226,228,157,179,161,204,166,166,223,223,98,100,168,168,232,232
QH-E-5-11,E_5,148,148,226,228,157,179,161,204,166,166,223,223,98,100,168,168,232,232
QH-E-5-12,E_5,148,148,226,228,157,179,161,204,166,166,223,223,98,100,168,168,232,232
QH-E-5-13,E_5,144,148,226,232,157,179,161,208,166,171,223,223,98,102,168,173,232,232
QH-E-5-14,E_5,0,0,0,0,157,179,161,204,166,166,223,223,98,100,168,168,232,232
QH-E-5-15,E_5,148,148,226,226,169,179,161,206,166,175,223,223,98,100,168,168,232,235
QH-E-5-16,E_5,148,148,226,226,167,179,204,204,166,166,0,0,98,100,160,168,232,232
QH-E-5-17,E_5,148,148,226,226,167,179,204,204,166,166,0,0,98,100,160,168,232,232
QH-E-5-18,E_5,148,148,226,226,167,179,204,204,166,166,0,0,98,100,160,168,232,232
QH-E-5-19,E_5,148,148,226,228,157,169,161,204,166,166,223,223,98,100,169,169,232,252
QH-E-5-2,E_5,145,148,226,226,157,179,161,161,166,166,223,223,98,100,0,0,220,232
QH-E-5-20,E_5,148,148,226,226,157,167,161,204,166,166,223,223,98,98,168,168,0,0
QH-E-5-21,E_5,148,148,226,226,157,167,161,204,166,166,223,223,98,98,168,168,0,0
QH-E-5-23,E_5,148,148,226,226,163,179,204,204,166,166,223,223,98,100,0,0,232,235
QH-E-5-24,E_5,148,148,226,226,163,179,204,204,166,166,223,223,98,100,0,0,232,235
QH-E-5-25,E_5,148,148,226,226,157,157,161,161,166,184,223,223,98,100,168,168,220,232
QH-E-5-26,E_5,148,148,228,232,179,179,161,204,166,175,223,223,100,100,0,0,232,237
QH-E-5-27,E_5,148,148,228,232,179,179,161,204,166,175,223,223,100,100,169,169,232,237
QH-E-5-28,E_5,148,148,226,228,157,179,161,161,166,175,223,223,98,100,169,169,232,235
QH-E-5-29,E_5,145,148,224,226,157,157,204,204,166,175,223,223,100,121,159,159,235,236
QH-E-5-3,E_5,144,148,226,226,157,165,204,206,166,175,225,225,100,100,168,168,229,232
QH-E-5-30,E_5,145,148,224,226,157,157,204,204,166,175,223,223,100,121,159,159,235,236
QH-E-5-31,E_5,148,148,226,226,157,157,204,208,166,175,223,223,100,100,159,159,220,235
QH-E-5-32,E_5,145,148,0,0,157,160,204,206,170,176,215,223,100,100,166,166,0,0
QH-E-5-33,E_5,145,148,226,228,157,165,208,208,166,175,223,223,100,100,0,0,232,235
QH-E-5-4,E_5,148,148,226,228,157,179,161,204,166,166,223,223,98,100,168,168,232,232
QH-E-5-5,E_5,144,148,226,226,157,165,204,206,166,175,225,225,100,100,168,168,229,232
QH-E-5-6,E_5,144,148,226,226,157,165,204,206,166,175,225,225,100,100,168,168,229,232
QH-E-5-7,E_5,148,148,226,228,157,179,161,204,166,166,223,223,98,100,168,168,232,232
QH-E-5-8,E_5,148,148,226,228,157,179,161,204,166,166,223,223,98,100,168,168,232,232
QH-E-5-9,E_5,148,148,226,228,157,179,161,204,166,166,223,223,98,100,168,168,232,232
QH-E-6-1,E_6,148,148,228,228,157,171,161,210,166,166,223,225,100,100,168,175,232,232
QH-E-6-10,E_6,148,148,226,226,155,169,161,204,166,166,223,225,96,100,169,169,235,235
QH-E-6-11,E_6,145,145,226,228,157,179,161,204,170,175,0,0,100,100,168,168,232,232
QH-E-6-12,E_6,0,0,218,226,165,179,161,161,166,175,225,225,98,100,169,171,0,0
QH-E-6-13,E_6,144,148,218,226,165,179,161,161,166,175,225,225,98,100,169,171,235,237
QH-E-6-14,E_6,148,148,216,226,159,169,161,217,166,169,215,223,0,0,166,177,232,235
QH-E-6-15,E_6,148,148,216,226,159,169,161,217,166,169,215,223,0,0,166,177,232,235
QH-E-6-2,E_6,145,148,226,226,157,169,161,204,175,175,223,225,100,100,168,168,232,235
QH-E-6-3,E_6,145,148,226,226,157,157,217,219,170,175,225,225,98,100,169,174,235,239
QH-E-6-4,E_6,148,148,226,226,157,169,204,211,175,175,225,225,100,100,177,177,235,241
QH-E-6-5,E_6,148,148,226,226,157,169,204,211,175,175,225,225,100,100,177,177,235,241
QH-E-6-6,E_6,144,148,226,226,155,157,161,204,166,166,0,0,98,100,171,171,235,235
QH-E-6-7,E_6,144,148,220,228,165,175,161,204,166,166,0,0,98,100,168,175,232,235
QH-E-6-8,E_6,145,148,228,230,175,179,204,215,175,184,223,223,100,100,169,175,232,232
QH-E-6-9,E_6,145,148,228,230,175,179,204,215,175,184,223,223,100,100,169,175,232,232
QH-E-7-1,E_7,148,148,214,226,157,169,161,206,166,175,0,0,98,100,168,168,220,246
QH-E-7-10,E_7,144,144,226,228,157,157,161,208,175,175,223,223,96,98,170,170,220,235
QH-E-7-11,E_7,144,144,226,228,157,157,161,208,175,175,223,223,96,98,170,170,220,235
QH-E-7-12,E_7,144,144,226,228,157,157,161,208,175,175,223,223,96,98,170,170,220,235
QH-E-7-13,E_7,144,144,226,228,157,157,161,208,175,175,223,223,96,98,170,170,220,235
QH-E-7-14,E_7,144,144,226,228,157,157,161,208,175,175,223,223,96,98,170,170,220,235
QH-E-7-15,E_7,144,144,226,228,157,157,161,208,175,175,223,223,96,98,170,170,220,235
QH-E-7-16,E_7,144,144,226,228,157,157,161,208,175,175,223,223,96,98,170,170,220,235
QH-E-7-17,E_7,142,161,226,228,157,159,204,204,175,175,223,223,98,100,168,176,220,235
QH-E-7-18,E_7,144,144,226,226,155,165,161,204,175,175,225,225,98,100,168,168,231,235
QH-E-7-19,E_7,148,161,216,216,169,179,204,208,166,175,223,223,98,100,172,174,232,236
QH-E-7-2,E_7,145,145,226,226,179,179,202,208,166,175,223,223,100,100,169,171,232,232
QH-E-7-20,E_7,144,161,226,228,155,169,161,161,175,175,223,223,100,100,169,175,220,220
QH-E-7-21,E_7,148,161,226,226,157,169,161,204,166,175,223,223,100,100,168,175,220,232
QH-E-7-22,E_7,144,161,226,226,157,169,161,204,175,175,223,225,100,100,167,175,220,220
QH-E-7-23,E_7,144,161,224,226,157,169,161,204,175,175,223,225,100,100,167,175,220,220
QH-E-7-24,E_7,144,161,226,226,157,169,161,204,175,175,223,225,100,100,167,175,220,220
QH-E-7-25,E_7,144,161,226,226,157,169,161,204,176,176,223,225,100,100,167,175,220,220
QH-E-7-26,E_7,145,145,224,226,157,171,161,204,166,175,223,223,98,100,168,175,220,232
QH-E-7-27,E_7,145,161,226,228,169,169,161,161,161,175,215,223,100,100,169,174,220,220
QH-E-7-3,E_7,144,144,0,0,157,165,204,204,166,169,223,223,100,100,168,168,235,235
QH-E-7-4,E_7,144,144,0,0,157,165,204,204,166,169,0,0,100,100,168,168,235,235
QH-E-7-5,E_7,145,148,0,0,157,169,161,204,169,175,0,0,96,100,168,168,232,235
QH-E-7-6,E_7,145,148,0,0,157,171,161,161,0,0,223,225,96,100,167,169,232,235
QH-E-7-7,E_7,145,148,0,0,157,171,161,161,166,169,0,0,96,100,167,169,232,235
QH-E-7-8,E_7,144,144,226,228,157,157,161,208,170,175,223,223,96,98,170,170,220,235
QH-E-7-9,E_7,145,145,226,228,157,157,161,208,175,175,223,223,96,98,170,170,220,235
QH-E-8-1,E_8,144,145,226,226,160,163,202,202,166,175,223,223,96,100,168,168,232,241
QH-E-8-10,E_8,144,148,226,226,165,179,161,161,175,178,223,225,100,100,0,0,232,235
QH-E-8-11,E_8,144,148,226,226,165,179,161,161,175,178,223,225,100,100,169,169,232,235
QH-E-8-12,E_8,148,148,226,226,157,169,206,208,166,175,223,223,100,100,0,0,220,235
QH-E-8-13,E_8,148,148,226,226,157,169,206,208,166,175,223,223,100,100,169,169,220,235
QH-E-8-14,E_8,145,148,200,226,157,179,204,208,166,175,223,223,100,100,0,0,220,232
QH-E-8-15,E_8,145,148,226,226,167,171,161,204,0,0,223,223,100,100,168,168,232,235
QH-E-8-16,E_8,144,148,226,228,157,171,204,208,175,184,223,223,0,0,0,0,220,232
QH-E-8-17,E_8,144,148,226,228,157,171,204,208,175,184,223,223,0,0,0,0,220,232
QH-E-8-18,E_8,144,148,226,230,155,157,0,0,166,175,223,223,100,100,160,169,232,246
QH-E-8-2,E_8,144,148,218,226,157,165,161,161,166,178,223,223,96,100,168,171,220,232
QH-E-8-20,E_8,144,148,226,226,155,157,204,204,166,175,223,223,98,100,160,167,232,235
QH-E-8-21,E_8,148,148,226,226,157,169,161,204,175,175,223,223,100,100,167,171,232,232
QH-E-8-22,E_8,145,148,220,228,157,165,161,204,166,175,223,223,96,100,168,168,232,232
QH-E-8-23,E_8,145,148,220,228,157,165,161,204,166,175,223,223,96,100,168,168,232,232
QH-E-8-24,E_8,0,0,0,0,0,0,0,0,0,0,225,225,98,100,159,169,232,235
QH-E-8-25,E_8,145,145,228,228,157,157,204,204,166,175,223,223,100,100,167,169,220,232
QH-E-8-26,E_8,145,145,228,228,157,157,204,204,166,175,223,223,100,100,167,169,220,232
QH-E-8-27,E_8,148,148,226,226,157,157,161,161,166,166,223,255,100,100,169,169,232,232
QH-E-8-28,E_8,144,148,226,226,157,157,161,161,166,175,223,223,100,100,171,171,232,232
QH-E-8-29,E_8,144,148,226,226,157,157,161,161,166,175,223,223,100,100,171,171,232,232
QH-E-8-3,E_8,144,144,226,228,155,165,204,205,166,175,223,225,100,100,164,168,220,229
QH-E-8-30,E_8,148,148,226,226,157,179,161,204,175,175,225,225,100,100,168,168,232,232
QH-E-8-4,E_8,144,148,226,226,155,157,161,210,166,175,0,0,100,100,168,171,220,220
QH-E-8-5,E_8,144,148,226,226,155,157,161,210,166,175,0,0,100,100,168,171,220,220
QH-E-8-6,E_8,144,148,226,226,155,157,161,210,166,175,0,0,100,100,168,171,220,220
QH-E-8-7,E_8,142,148,226,226,157,159,161,208,175,175,223,223,96,98,167,169,220,232
QH-E-8-8,E_8,148,148,226,228,169,171,200,204,166,175,223,223,100,100,168,168,229,237
QH-E-8-9,E_8,148,148,226,226,169,171,161,204,166,166,223,223,96,100,167,169,232,235
QH-W-1-1,W_1,145,145,208,208,165,167,202,217,171,171,223,223,102,102,159,160,229,252
QH-W-1-10,W_1,144,144,208,230,165,167,206,219,171,178,223,223,102,104,159,164,229,252
QH-W-1-11,W_1,144,144,208,220,165,167,204,206,171,171,223,223,102,102,160,168,229,229
QH-W-1-12,W_1,144,144,208,220,165,167,204,206,171,171,223,223,102,102,160,168,229,252
QH-W-1-13,W_1,144,144,208,220,165,167,204,206,171,171,223,223,102,102,160,168,229,252
QH-W-1-14,W_1,144,144,208,220,165,167,204,206,171,171,223,223,102,102,160,168,229,252
QH-W-1-15,W_1,144,144,208,220,165,167,204,206,171,171,223,223,102,102,160,168,229,252
QH-W-1-16,W_1,0,0,208,220,167,167,217,243,178,178,225,225,102,102,164,166,252,254
QH-W-1-17,W_1,144,144,208,208,165,167,204,210,171,178,225,225,0,0,159,164,229,252
QH-W-1-18,W_1,145,145,208,220,157,169,217,217,178,178,223,225,102,102,159,164,229,254
QH-W-1-19,W_1,145,145,208,220,157,169,217,217,178,178,0,0,102,102,159,164,229,254
QH-W-1-2,W_1,145,145,208,208,157,167,204,206,171,178,223,223,102,102,159,164,229,252
QH-W-1-20,W_1,145,145,208,220,157,169,217,217,178,178,223,225,102,102,159,164,229,254
QH-W-1-21,W_1,0,0,208,220,157,167,210,217,178,178,225,225,102,102,160,160,252,252
QH-W-1-22,W_1,144,144,220,220,165,167,204,239,178,178,225,225,102,102,159,172,252,254
QH-W-1-23,W_1,0,0,208,220,167,167,217,239,178,178,223,223,102,127,166,172,252,252
QH-W-1-24,W_1,0,0,208,220,167,167,210,237,178,178,223,225,102,102,159,166,252,254
QH-W-1-25,W_1,144,144,220,220,165,167,204,239,178,178,225,225,102,102,159,172,252,254
QH-W-1-26,W_1,0,0,208,220,167,167,210,237,178,178,223,225,102,102,159,166,252,254
QH-W-1-27,W_1,144,144,0,0,165,167,0,0,0,0,0,0,100,100,159,164,252,252
QH-W-1-28,W_1,145,145,0,0,0,0,0,0,0,0,225,225,102,102,159,164,252,254
QH-W-1-29,W_1,145,145,208,230,165,165,206,206,171,178,223,223,100,102,160,160,235,252
QH-W-1-3,W_1,145,145,208,208,165,165,206,206,171,178,0,0,100,102,164,164,229,229
QH-W-1-30,W_1,0,0,220,230,165,167,206,217,171,178,223,223,102,102,160,160,252,252
QH-W-1-31,W_1,0,0,220,230,165,167,206,217,171,178,223,223,102,102,160,160,252,252
QH-W-1-32,W_1,0,0,220,230,165,167,206,217,171,178,223,223,102,102,160,160,252,252
QH-W-1-33,W_1,145,145,208,210,163,165,204,206,178,178,0,0,102,102,0,0,229,252
QH-W-1-34,W_1,144,144,208,220,165,167,204,206,171,178,223,223,102,102,0,0,252,252
QH-W-1-35,W_1,144,144,220,220,165,165,204,204,171,178,0,0,102,102,160,164,229,252
QH-W-1-36,W_1,145,145,220,230,165,165,204,206,171,171,223,223,102,102,160,164,229,252
QH-W-1-37,W_1,0,0,220,230,165,167,206,217,171,178,223,223,102,102,160,160,252,252
QH-W-1-38,W_1,145,145,220,220,165,167,204,239,178,178,225,225,102,102,0,0,0,0
QH-W-1-39,W_1,144,144,220,220,165,167,204,239,178,178,225,225,102,102,0,0,252,254
QH-W-1-4,W_1,145,145,230,230,157,165,204,208,171,178,0,0,102,102,168,177,0,0
QH-W-1-5,W_1,140,145,200,208,157,167,206,217,165,171,223,223,102,102,164,164,229,252
QH-W-1-6,W_1,0,0,208,208,165,167,208,219,171,171,223,223,102,102,160,164,229,252
QH-W-1-7,W_1,144,144,208,228,165,165,204,206,171,171,223,223,102,102,160,164,229,229
QH-W-1-8,W_1,144,144,208,228,165,165,204,206,171,171,223,223,102,102,160,164,229,229
QH-W-1-9,W_1,144,144,208,228,165,165,204,206,171,171,223,223,102,102,160,164,229,229
QH-W-10-1,W_10,145,145,226,230,165,179,204,213,171,181,0,0,102,106,173,173,229,240
QH-W-10-10,W_10,144,148,218,226,0,0,0,0,172,172,223,223,102,117,0,0,0,0
QH-W-10-11,W_10,145,145,220,228,177,179,204,215,181,181,223,223,102,114,170,173,229,229
QH-W-10-12,W_10,144,148,228,228,159,159,204,204,171,181,223,223,121,139,0,0,229,229
QH-W-10-13,W_10,148,148,226,228,159,177,204,204,181,181,223,223,121,127,161,171,229,229
QH-W-10-14,W_10,144,148,228,228,159,159,204,204,171,181,223,223,121,139,0,0,229,229
QH-W-10-15,W_10,148,148,228,230,159,169,204,213,172,181,223,223,106,125,166,166,223,229
QH-W-10-16,W_10,144,148,218,218,157,159,215,227,181,181,223,223,102,117,160,176,229,235
QH-W-10-17,W_10,145,145,218,218,169,171,204,215,172,181,223,223,102,125,160,175,229,235
QH-W-10-18,W_10,144,144,226,228,157,163,204,204,172,181,0,0,117,117,160,162,229,229
QH-W-10-19,W_10,145,148,218,226,159,165,215,227,170,181,223,223,110,117,160,160,0,0
QH-W-10-2,W_10,145,148,226,230,173,179,204,204,171,181,223,223,114,117,159,166,229,232
QH-W-10-20,W_10,145,148,218,226,159,165,215,227,170,181,223,223,110,117,160,160,0,0
QH-W-10-21,W_10,148,148,226,228,157,159,221,221,181,181,0,0,110,119,0,0,229,237
QH-W-10-22,W_10,148,148,226,228,157,159,221,221,181,181,0,0,110,119,0,0,229,237
QH-W-10-23,W_10,148,148,226,228,157,159,221,221,181,181,0,0,110,119,0,0,229,237
QH-W-10-24,W_10,144,144,200,226,157,177,206,215,181,181,0,0,110,119,167,169,229,229
QH-W-10-25,W_10,145,145,200,226,157,177,206,215,181,181,0,0,110,119,167,169,229,229
QH-W-10-26,W_10,145,145,200,226,157,177,206,215,181,181,0,0,110,119,167,169,229,229
QH-W-10-27,W_10,145,148,226,226,159,169,206,215,170,181,223,223,110,119,160,162,229,237
QH-W-10-28,W_10,144,148,208,226,165,175,202,206,181,181,223,223,0,0,170,170,229,231
QH-W-10-29,W_10,148,148,208,218,157,165,202,206,175,175,0,0,117,119,168,170,231,252
QH-W-10-3,W_10,145,145,226,230,165,179,204,213,171,181,0,0,102,106,173,173,229,240
QH-W-10-30,W_10,145,148,226,226,179,185,206,215,171,171,221,221,102,110,160,167,237,247
QH-W-10-31,W_10,145,148,226,230,169,169,206,215,181,181,223,223,102,117,168,171,0,0
QH-W-10-4,W_10,148,148,226,238,173,177,204,213,181,181,0,0,117,121,159,169,223,229
QH-W-10-5,W_10,145,148,226,226,165,177,204,204,171,181,223,223,93,110,160,168,229,237
QH-W-10-6,W_10,145,145,226,226,157,179,204,215,181,181,223,223,102,121,159,175,223,229
QH-W-10-7,W_10,145,145,218,226,157,165,204,215,181,181,223,223,0,0,168,175,223,229
QH-W-10-8,W_10,144,144,226,226,157,179,204,215,181,181,223,223,102,121,159,175,223,229
QH-W-10-9,W_10,144,148,218,226,0,0,0,0,172,172,223,223,102,117,0,0,0,0
QH-W-11-1,W_11,145,145,202,222,160,165,206,213,178,178,223,225,102,102,160,170,226,252
QH-W-11-10,W_11,144,144,230,234,157,173,204,204,169,169,223,223,102,102,160,160,229,252
QH-W-11-11,W_11,144,148,220,228,163,167,213,219,170,178,223,223,102,131,162,166,229,252
QH-W-11-12,W_11,145,148,218,228,163,167,204,206,175,178,223,223,102,102,160,163,226,226
QH-W-11-13,W_11,144,144,220,226,165,169,183,204,175,181,0,0,0,0,0,0,0,0
QH-W-11-14,W_11,141,145,226,230,163,167,204,208,175,178,0,0,102,102,164,170,229,237
QH-W-11-15,W_11,144,144,228,230,157,160,204,206,171,175,0,0,102,102,160,173,252,252
QH-W-11-16,W_11,144,144,0,0,157,160,0,0,0,0,0,0,102,102,160,173,245,252
QH-W-11-17,W_11,145,145,228,230,165,167,210,213,178,181,223,223,102,123,161,167,229,237
QH-W-11-18,W_11,145,145,208,208,165,165,204,204,169,181,0,0,0,0,160,160,232,236
QH-W-11-19,W_11,145,145,218,230,165,165,204,213,171,181,223,223,102,117,160,160,226,229
QH-W-11-2,W_11,145,145,202,222,160,165,206,213,178,178,223,225,102,102,160,170,226,252
QH-W-11-20,W_11,145,145,0,0,165,167,198,204,0,0,223,223,102,102,160,160,226,229
QH-W-11-3,W_11,145,145,218,222,160,165,206,213,171,178,223,223,102,102,164,170,226,252
QH-W-11-4,W_11,145,145,218,220,167,179,204,204,171,178,223,223,102,102,160,160,252,252
QH-W-11-5,W_11,145,145,228,242,165,165,204,206,170,178,223,223,102,102,160,160,229,252
QH-W-11-6,W_11,145,151,208,208,165,165,204,213,169,169,223,223,0,0,160,166,0,0
QH-W-11-7,W_11,145,145,194,220,163,165,204,206,175,181,221,221,102,102,161,161,229,252
QH-W-11-8,W_11,144,151,208,218,163,165,206,213,171,178,223,223,102,102,160,160,0,0
QH-W-11-9,W_11,144,144,220,230,157,169,204,206,169,181,219,223,102,123,160,164,229,232
QH-W-12-1,W_12,144,144,194,226,163,173,204,204,170,178,223,223,102,114,160,168,229,229
QH-W-12-10,W_12,145,145,210,218,157,157,204,204,171,171,0,0,102,102,0,0,229,229
QH-W-12-11,W_12,145,145,210,236,157,157,204,210,170,170,223,223,102,102,166,168,229,252
QH-W-12-12,W_12,145,145,220,226,157,163,204,211,171,171,223,223,102,102,0,0,229,252
QH-W-12-13,W_12,145,145,208,232,157,163,204,206,0,0,223,223,102,117,160,187,229,252
QH-W-12-14,W_12,144,144,220,228,163,167,206,211,0,0,223,223,102,102,159,168,252,252
QH-W-12-15,W_12,145,145,202,228,157,157,204,206,170,178,223,223,102,114,160,160,232,260
QH-W-12-16,W_12,144,144,194,208,165,177,204,206,171,178,223,223,119,129,166,168,229,229
QH-W-12-17,W_12,144,144,208,226,167,167,204,208,172,172,223,223,117,125,166,168,229,229
QH-W-12-18,W_12,143,144,0,0,157,167,204,208,0,0,223,223,0,0,0,0,229,232
QH-W-12-19,W_12,144,144,0,0,0,0,0,0,0,0,0,0,0,0,168,171,229,232
QH-W-12-2,W_12,145,145,208,216,163,165,204,204,169,169,223,223,102,102,160,160,229,260
QH-W-12-20,W_12,145,145,208,220,165,171,210,210,175,178,223,223,0,0,0,0,229,229
QH-W-12-3,W_12,145,145,220,228,169,169,204,211,169,169,223,223,102,102,160,164,252,252
QH-W-12-4,W_12,145,145,194,238,163,163,208,223,175,178,223,223,102,102,160,160,229,252
QH-W-12-5,W_12,144,144,194,226,163,173,204,204,170,178,223,223,102,114,160,168,229,229
QH-W-12-6,W_12,145,145,0,0,169,169,204,211,170,170,223,223,102,102,160,164,0,0
QH-W-12-7,W_12,145,145,0,0,163,165,204,204,169,169,223,223,102,102,160,160,229,260
QH-W-12-8,W_12,145,145,228,228,165,173,204,213,170,178,0,0,102,102,170,170,252,252
QH-W-12-9,W_12,145,145,194,226,163,173,204,204,170,178,223,223,102,114,160,168,229,229
QH-W-3-1,W_3,145,145,220,226,179,179,204,204,172,172,223,223,102,112,0,0,229,260
QH-W-3-10,W_3,0,0,226,232,167,179,204,204,171,181,0,0,93,102,161,167,229,252
QH-W-3-11,W_3,145,145,208,232,179,179,204,204,181,181,225,225,93,121,160,166,229,229
QH-W-3-12,W_3,145,145,226,228,157,163,204,204,181,181,223,223,102,102,168,168,229,229
QH-W-3-13,W_3,0,0,226,228,167,179,202,204,171,171,0,0,104,123,161,161,229,252
QH-W-3-14,W_3,144,148,200,232,163,173,204,213,171,181,223,223,93,121,166,175,229,229
QH-W-3-15,W_3,144,145,200,236,163,165,204,213,171,181,223,223,102,121,166,168,229,252
QH-W-3-16,W_3,145,145,224,232,167,167,204,204,171,181,223,223,102,114,160,169,229,229
QH-W-3-17,W_3,145,145,224,232,167,179,204,204,171,181,223,223,102,114,166,169,229,229
QH-W-3-18,W_3,144,145,220,224,163,165,204,204,0,0,223,223,93,102,160,168,229,229
QH-W-3-19,W_3,144,144,224,226,163,165,204,204,181,181,0,0,93,102,168,175,229,229
QH-W-3-2,W_3,145,145,220,224,179,179,204,215,181,181,223,223,102,104,160,160,229,252
QH-W-3-20,W_3,145,148,0,0,173,179,204,204,0,0,223,223,93,93,167,167,229,229
QH-W-3-21,W_3,145,145,226,228,165,179,204,204,169,172,223,223,102,102,161,168,229,235
QH-W-3-22,W_3,145,148,224,226,167,179,202,202,181,181,223,223,117,129,161,169,235,252
QH-W-3-23,W_3,145,145,194,226,179,179,204,204,169,181,223,223,102,102,0,0,229,235
QH-W-3-24,W_3,0,0,200,200,157,167,206,206,172,181,223,223,102,110,160,171,229,229
QH-W-3-25,W_3,145,145,200,226,165,179,206,206,181,181,0,0,117,117,0,0,0,0
QH-W-3-26,W_3,145,145,228,232,163,179,204,204,181,181,223,223,102,129,160,169,229,235
QH-W-3-27,W_3,145,145,210,228,179,179,204,204,171,181,223,223,93,102,159,159,229,229
QH-W-3-28,W_3,145,145,226,226,159,165,204,204,171,181,223,223,121,129,161,161,229,232
QH-W-3-29,W_3,145,145,210,226,165,179,204,204,181,181,223,223,102,102,160,166,229,232
QH-W-3-3,W_3,145,145,220,224,179,179,204,215,181,181,223,223,102,104,160,160,229,252
QH-W-3-30,W_3,148,148,208,208,173,173,204,213,171,181,223,223,117,117,159,168,223,229
QH-W-3-31,W_3,145,145,208,226,157,179,211,211,178,181,223,223,102,114,159,168,223,229
QH-W-3-32,W_3,145,145,228,244,157,179,204,239,181,181,223,223,102,110,160,168,229,252
QH-W-3-33,W_3,145,145,196,228,173,185,206,208,181,181,223,223,102,110,161,167,229,229
QH-W-3-4,W_3,145,145,220,224,179,179,204,215,175,181,223,223,102,104,160,160,229,252
QH-W-3-5,W_3,140,145,228,232,173,179,204,240,0,0,223,223,102,121,168,168,229,229
QH-W-3-6,W_3,145,145,228,232,179,179,204,240,169,181,223,223,102,121,168,168,229,229
QH-W-3-7,W_3,143,144,226,228,165,167,202,206,181,181,223,223,117,123,167,171,229,229
QH-W-3-8,W_3,0,0,226,228,165,167,202,206,181,181,223,223,117,123,167,171,229,229
QH-W-3-9,W_3,0,0,208,232,167,179,204,240,181,181,223,223,102,110,168,168,223,229
QH-W-4-1,W_4,143,145,238,240,157,181,204,206,169,169,0,0,102,117,170,174,229,241
QH-W-4-10,W_4,145,145,226,238,165,181,206,206,171,181,0,0,0,0,160,174,229,237
QH-W-4-11,W_4,145,145,220,230,157,167,206,213,169,178,0,0,121,168,159,168,229,229
QH-W-4-12,W_4,145,148,200,230,157,159,206,213,169,171,0,0,93,168,159,160,228,229
QH-W-4-13,W_4,145,145,194,230,157,165,204,213,169,178,0,0,102,168,159,160,229,252
QH-W-4-14,W_4,0,0,206,226,157,167,204,204,166,171,221,221,106,170,160,160,229,252
QH-W-4-15,W_4,0,0,220,226,163,167,204,213,171,171,0,0,102,106,160,160,229,229
QH-W-4-16,W_4,0,0,0,0,163,167,0,0,181,181,223,223,102,121,168,174,229,229
QH-W-4-17,W_4,0,0,226,230,163,167,204,204,171,181,225,225,102,170,160,170,229,229
QH-W-4-18,W_4,145,148,226,230,163,167,204,206,181,181,0,0,102,121,157,160,229,229
QH-W-4-19,W_4,145,145,194,216,165,165,204,204,175,181,223,223,102,121,160,160,252,252
QH-W-4-2,W_4,143,145,238,240,157,181,204,206,169,169,0,0,102,117,170,174,229,241
QH-W-4-20,W_4,145,145,220,226,165,171,204,204,169,181,225,225,102,102,160,170,229,252
QH-W-4-21,W_4,144,145,220,230,155,167,204,206,178,181,223,223,102,121,160,168,229,255
QH-W-4-22,W_4,145,148,208,226,165,179,204,204,178,181,223,223,121,121,160,170,229,252
QH-W-4-23,W_4,0,0,226,230,167,167,204,206,171,181,0,0,102,102,160,160,229,229
QH-W-4-24,W_4,145,145,220,226,165,167,204,206,169,181,223,223,102,121,160,160,234,255
QH-W-4-25,W_4,145,145,202,230,163,167,204,206,178,181,223,223,102,102,160,168,229,255
QH-W-4-26,W_4,0,0,206,226,157,167,202,204,171,171,221,223,106,106,160,166,229,252
QH-W-4-27,W_4,143,148,208,220,163,179,204,206,178,181,223,223,102,139,160,160,252,255
QH-W-4-28,W_4,0,0,208,226,163,167,202,204,172,179,223,223,102,102,166,168,229,229
QH-W-4-29,W_4,144,148,194,226,165,179,204,204,178,178,223,223,121,139,160,160,229,252
QH-W-4-3,W_4,145,145,0,0,165,181,0,0,172,181,0,0,0,0,160,174,229,237
QH-W-4-30,W_4,0,0,208,226,157,167,204,204,172,181,0,0,102,102,160,174,223,229
QH-W-4-31,W_4,145,145,220,226,167,171,204,206,178,181,0,0,102,102,160,170,229,255
QH-W-4-32,W_4,0,0,206,220,155,167,204,206,171,181,221,223,121,121,160,168,252,255
QH-W-4-33,W_4,0,0,226,230,167,179,204,204,171,178,223,223,121,121,160,170,229,229
QH-W-4-4,W_4,145,145,226,238,165,181,206,206,171,181,0,0,0,0,160,174,229,237
QH-W-4-5,W_4,145,145,226,238,165,181,206,206,171,181,0,0,0,0,160,174,229,237
QH-W-4-6,W_4,145,145,226,238,165,181,206,206,171,181,0,0,0,0,160,174,229,237
QH-W-4-7,W_4,145,145,226,238,165,181,206,206,171,181,0,0,0,0,160,174,229,237
QH-W-4-8,W_4,145,145,226,238,165,181,206,206,171,181,0,0,0,0,160,174,229,237
QH-W-4-9,W_4,145,145,226,238,165,181,206,206,171,181,0,0,0,0,160,174,229,237
QH-W-5-1,W_5,144,148,222,222,167,169,204,219,171,181,223,223,110,123,160,163,223,252
QH-W-5-10,W_5,144,148,226,226,167,169,204,211,181,181,223,223,102,154,161,172,235,252
QH-W-5-11,W_5,144,148,226,226,167,169,204,211,181,181,223,223,102,148,161,172,235,252
QH-W-5-12,W_5,145,148,218,226,159,185,204,208,171,181,223,223,102,121,160,160,229,232
QH-W-5-13,W_5,145,145,196,226,165,185,225,225,178,181,223,223,100,102,0,0,229,232
QH-W-5-14,W_5,145,145,226,226,183,185,204,206,171,181,223,223,121,158,160,164,229,232
QH-W-5-15,W_5,145,145,226,226,185,189,204,206,171,181,223,223,121,158,160,164,229,232
QH-W-5-16,W_5,145,148,196,222,159,165,204,204,171,178,223,223,102,119,162,177,223,229
QH-W-5-17,W_5,145,148,196,222,159,165,204,204,171,178,223,223,102,119,162,177,223,229
QH-W-5-18,W_5,145,148,196,222,159,165,204,204,171,178,223,223,102,119,0,0,0,0
QH-W-5-19,W_5,145,148,226,230,163,163,204,204,169,181,0,0,93,102,160,168,229,252
QH-W-5-2,W_5,145,148,200,220,159,165,202,204,181,181,223,223,100,102,161,168,223,255
QH-W-5-20,W_5,144,148,222,226,163,173,204,206,169,169,223,223,102,102,168,168,229,241
QH-W-5-21,W_5,144,148,200,220,159,165,202,204,181,181,223,223,100,102,161,168,223,255
QH-W-5-22,W_5,144,145,202,230,169,169,204,213,171,181,223,223,117,121,166,166,223,229
QH-W-5-23,W_5,144,144,226,232,169,175,204,217,172,172,223,223,102,117,165,165,229,241
QH-W-5-24,W_5,145,145,226,234,167,167,204,204,171,181,223,223,117,117,160,172,252,258
QH-W-5-25,W_5,145,148,222,226,163,163,219,219,181,181,225,225,102,102,169,172,223,231
QH-W-5-26,W_5,145,145,226,226,163,165,204,225,170,184,0,0,102,102,163,167,229,258
QH-W-5-27,W_5,145,148,200,226,163,167,204,213,171,181,223,223,102,123,160,171,223,223
QH-W-5-28,W_5,145,148,222,226,159,179,204,224,181,181,223,223,110,117,159,174,229,258
QH-W-5-29,W_5,145,148,200,216,159,169,204,206,171,181,224,224,102,121,162,170,232,255
QH-W-5-3,W_5,145,145,220,226,165,185,204,204,171,181,0,0,102,117,0,0,232,255
QH-W-5-30,W_5,143,145,206,230,165,183,204,204,178,181,223,223,102,102,161,166,252,252
QH-W-5-4,W_5,143,148,206,230,163,169,204,213,171,171,223,223,102,102,159,162,229,252
QH-W-5-5,W_5,145,145,226,226,165,181,204,204,171,181,224,224,102,102,0,0,229,229
QH-W-5-6,W_5,143,143,200,226,163,169,204,206,178,181,223,223,102,110,160,174,252,258
QH-W-5-7,W_5,143,144,200,226,163,169,204,206,178,181,223,223,102,110,160,174,252,258
QH-W-5-8,W_5,145,145,200,230,163,167,204,204,178,181,223,223,102,110,164,169,229,232
QH-W-5-9,W_5,148,148,226,226,163,163,204,206,172,181,223,223,102,102,163,164,229,252
QH-W-6-1,W_6,145,145,228,230,179,179,204,204,169,181,223,223,119,121,0,0,0,0
QH-W-6-10,W_6,145,148,200,226,163,179,213,221,181,181,223,223,102,117,162,167,235,252
QH-W-6-11,W_6,144,148,222,228,165,167,204,206,181,181,223,223,0,0,0,0,229,235
QH-W-6-12,W_6,145,148,222,226,167,175,204,213,178,181,223,223,102,119,164,166,229,241
QH-W-6-13,W_6,144,144,226,226,173,173,204,204,181,181,0,0,119,123,166,166,229,229
QH-W-6-14,W_6,144,148,228,230,169,173,204,211,181,181,0,0,106,117,160,160,229,252
QH-W-6-15,W_6,144,148,226,230,157,189,204,206,171,181,223,223,102,154,160,168,229,229
QH-W-6-16,W_6,144,148,210,226,165,171,204,213,171,181,0,0,0,0,160,174,0,0
QH-W-6-17,W_6,145,145,226,228,165,169,204,204,171,171,223,223,110,123,157,169,229,229
QH-W-6-18,W_6,148,148,220,226,157,171,204,217,171,181,223,223,102,112,0,0,229,229
QH-W-6-19,W_6,145,145,0,0,0,0,204,217,0,0,223,223,0,0,166,172,229,229
QH-W-6-2,W_6,145,145,208,226,165,181,204,204,181,181,223,223,110,117,160,174,223,226
QH-W-6-20,W_6,145,148,226,230,167,177,204,213,178,181,0,0,102,123,160,160,231,235
QH-W-6-21,W_6,145,145,220,222,157,179,204,204,181,181,0,0,102,102,160,160,229,229
QH-W-6-22,W_6,145,145,194,226,163,179,204,219,181,181,0,0,102,119,166,170,229,229
QH-W-6-23,W_6,144,148,200,226,173,189,213,215,169,169,223,223,102,117,160,168,229,235
QH-W-6-24,W_6,145,145,202,226,165,179,215,215,171,181,223,223,102,114,160,160,229,229
QH-W-6-25,W_6,145,145,222,226,155,165,204,213,171,181,0,0,0,0,0,0,0,0
QH-W-6-26,W_6,145,145,222,226,163,165,204,213,171,181,225,225,0,0,0,0,224,255
QH-W-6-27,W_6,0,0,226,226,157,157,204,204,181,181,0,0,102,102,156,160,229,252
QH-W-6-28,W_6,0,0,226,226,157,157,204,204,181,181,0,0,102,102,0,0,229,252
QH-W-6-29,W_6,0,0,226,226,157,157,204,204,181,181,0,0,102,102,0,0,229,252
QH-W-6-3,W_6,145,145,226,226,157,165,206,213,171,181,223,223,102,102,164,168,223,229
QH-W-6-30,W_6,145,148,226,228,165,171,204,204,171,181,223,223,114,131,159,159,235,252
QH-W-6-31,W_6,145,145,226,226,157,165,204,215,181,181,223,223,102,119,156,156,229,252
QH-W-6-32,W_6,148,148,200,228,157,163,204,213,171,171,0,0,0,0,0,0,229,229
QH-W-6-33,W_6,144,148,200,228,157,157,204,213,169,181,0,0,102,102,0,0,229,229
QH-W-6-34,W_6,145,145,218,220,179,187,204,204,171,181,0,0,0,0,0,0,229,229
QH-W-6-35,W_6,145,148,228,232,165,189,204,204,169,181,0,0,0,0,0,0,229,234
QH-W-6-4,W_6,144,144,228,230,163,165,204,204,181,181,223,223,102,119,160,174,229,229
QH-W-6-5,W_6,148,148,200,226,157,173,204,215,181,181,223,223,119,119,174,174,229,229
QH-W-6-6,W_6,145,145,0,0,165,179,204,213,181,181,223,223,0,0,168,168,223,229
QH-W-6-7,W_6,145,145,226,226,157,165,204,206,170,181,223,223,93,102,160,164,229,229
QH-W-6-8,W_6,144,144,226,230,163,165,204,204,171,181,0,0,102,102,161,164,229,252
QH-W-6-9,W_6,144,145,226,228,157,175,213,213,171,181,0,0,106,121,162,162,223,234
QH-W-7-1,W_7,144,148,200,226,163,165,204,204,181,181,223,223,102,110,0,0,0,0
QH-W-7-10,W_7,145,145,220,226,171,179,204,206,171,181,223,223,102,117,160,160,241,247
QH-W-7-11,W_7,145,145,218,226,163,167,206,206,171,181,219,219,119,119,166,168,229,252
QH-W-7-12,W_7,145,145,226,226,171,171,204,206,171,178,223,223,102,112,168,174,229,229
QH-W-7-13,W_7,145,145,220,220,157,159,204,204,178,181,223,223,0,0,0,0,229,241
QH-W-7-14,W_7,145,145,228,230,181,181,204,204,172,172,0,0,0,0,0,0,229,247
QH-W-7-15,W_7,145,145,222,222,159,179,204,204,181,181,0,0,0,0,0,0,229,252
QH-W-7-16,W_7,145,145,226,226,171,179,204,206,171,181,223,223,0,0,0,0,229,229
QH-W-7-17,W_7,145,145,226,226,165,165,204,206,171,181,0,0,117,119,160,167,229,229
QH-W-7-18,W_7,144,144,208,226,177,189,213,233,166,172,223,223,119,119,160,168,243,255
QH-W-7-19,W_7,144,144,218,230,157,179,204,211,181,187,0,0,117,121,160,160,229,229
QH-W-7-2,W_7,144,148,208,226,159,165,204,213,169,181,223,223,119,121,160,166,229,243
QH-W-7-20,W_7,145,148,200,230,159,167,208,211,178,181,223,223,102,139,160,160,229,252
QH-W-7-21,W_7,145,148,222,222,159,169,204,206,187,187,223,225,102,102,160,160,229,235
QH-W-7-22,W_7,144,148,226,228,159,187,204,213,171,181,0,0,102,110,160,167,229,235
QH-W-7-23,W_7,145,145,226,230,165,181,202,206,181,190,223,223,102,106,160,165,229,252
QH-W-7-24,W_7,145,151,222,226,165,171,204,206,174,181,223,223,112,119,160,167,229,232
QH-W-7-25,W_7,148,148,200,220,159,165,204,206,178,181,223,223,102,102,160,167,231,252
QH-W-7-26,W_7,145,145,218,226,163,175,204,237,169,169,223,223,102,121,160,160,229,232
QH-W-7-27,W_7,145,145,200,222,163,171,204,206,169,187,223,223,102,102,0,0,235,252
QH-W-7-28,W_7,145,151,222,226,165,171,204,206,171,181,223,223,112,112,167,167,229,229
QH-W-7-29,W_7,145,145,226,226,171,181,206,217,171,171,0,0,121,121,164,166,229,229
QH-W-7-3,W_7,148,151,202,226,159,165,206,223,171,181,0,0,102,117,160,167,229,229
QH-W-7-30,W_7,145,145,226,226,171,181,206,217,171,171,0,0,121,121,164,166,229,229
QH-W-7-31,W_7,145,145,226,226,165,189,206,233,169,181,223,223,102,123,167,167,229,229
QH-W-7-32,W_7,145,151,226,226,173,181,204,206,171,181,0,0,110,121,0,0,229,229
QH-W-7-4,W_7,148,151,202,226,159,165,206,223,171,181,0,0,102,117,160,167,229,229
QH-W-7-5,W_7,145,148,226,226,159,171,204,204,181,187,0,0,0,0,165,168,229,241
QH-W-7-6,W_7,145,148,226,226,159,165,204,204,169,181,223,223,117,119,166,166,229,235
QH-W-7-7,W_7,148,148,202,226,157,159,206,213,181,181,223,223,102,110,0,0,229,241
QH-W-7-8,W_7,145,148,218,220,159,167,204,206,181,190,223,223,102,106,160,168,229,241
QH-W-7-9,W_7,145,148,220,226,159,179,202,204,172,181,223,223,102,117,160,166,229,241
QH-W-8-1,W_8,145,145,228,228,157,179,204,204,169,181,223,223,112,121,160,164,223,229
QH-W-8-10,W_8,145,145,200,230,165,179,204,215,171,181,223,223,102,139,160,171,223,252
QH-W-8-11,W_8,144,148,228,230,157,165,213,215,171,181,225,225,102,117,160,172,235,237
QH-W-8-12,W_8,145,148,202,226,165,179,204,204,181,181,223,223,102,121,0,0,229,229
QH-W-8-13,W_8,145,145,200,226,165,165,213,215,181,181,0,0,102,112,167,171,237,252
QH-W-8-14,W_8,144,144,200,226,157,165,215,219,171,181,0,0,102,102,173,175,237,252
QH-W-8-15,W_8,144,148,200,230,157,165,213,219,181,181,0,0,102,123,0,0,223,252
QH-W-8-16,W_8,145,145,202,230,165,179,204,204,0,0,223,223,102,121,172,172,229,234
QH-W-8-17,W_8,144,144,202,230,165,179,204,204,171,181,223,223,102,121,172,172,229,234
QH-W-8-18,W_8,144,148,202,226,165,165,204,204,169,171,223,223,0,0,160,160,229,229
QH-W-8-19,W_8,145,145,202,226,157,165,204,213,171,181,219,219,121,121,160,172,229,234
QH-W-8-2,W_8,144,144,208,220,165,167,204,206,171,171,223,223,102,102,160,168,229,252
QH-W-8-20,W_8,145,145,226,228,165,169,202,204,169,181,223,225,102,112,160,170,229,229
QH-W-8-21,W_8,145,145,222,228,165,177,204,219,172,172,223,223,110,110,160,166,223,229
QH-W-8-22,W_8,148,148,220,230,159,159,204,204,181,181,223,223,0,0,166,168,222,229
QH-W-8-23,W_8,145,145,200,228,169,179,208,208,171,181,0,0,110,114,160,173,229,240
QH-W-8-24,W_8,140,144,202,228,165,179,197,204,175,181,0,0,102,110,172,172,229,240
QH-W-8-25,W_8,144,148,228,230,157,171,202,202,171,171,223,223,102,102,171,171,240,252
QH-W-8-26,W_8,145,148,200,228,171,179,204,204,171,181,0,0,102,121,171,171,229,240
QH-W-8-27,W_8,145,145,228,228,157,179,204,213,171,181,0,0,102,117,171,176,237,237
QH-W-8-28,W_8,145,145,222,228,157,157,204,204,171,181,0,0,102,112,159,170,229,241
QH-W-8-29,W_8,145,148,228,228,179,179,204,213,171,181,0,0,102,102,166,171,237,241
QH-W-8-3,W_8,145,148,200,230,157,159,204,204,171,181,0,0,102,110,160,170,229,252
QH-W-8-30,W_8,144,148,226,228,157,171,204,204,0,0,223,223,117,127,159,168,229,252
QH-W-8-31,W_8,145,148,202,230,167,171,213,213,171,178,223,223,102,127,159,159,229,252
QH-W-8-32,W_8,145,148,228,230,171,183,204,213,0,0,0,0,127,127,0,0,229,252
QH-W-8-33,W_8,145,148,228,230,171,183,204,213,169,169,0,0,127,127,0,0,229,252
QH-W-8-34,W_8,145,145,226,226,165,165,204,215,181,181,219,223,102,123,161,171,229,229
QH-W-8-35,W_8,145,148,228,232,159,165,204,215,171,181,0,0,102,110,162,168,229,260
QH-W-8-36,W_8,145,148,200,226,159,165,204,204,169,171,225,225,110,121,0,0,229,229
QH-W-8-37,W_8,144,148,202,226,157,159,204,213,181,181,0,0,121,162,160,172,229,229
QH-W-8-38,W_8,148,148,200,226,159,183,204,213,171,181,0,0,93,121,160,168,229,229
QH-W-8-39,W_8,144,144,200,228,157,163,204,204,171,171,223,223,110,133,160,160,229,229
QH-W-8-4,W_8,145,148,222,232,159,167,204,204,171,181,223,225,102,102,168,168,229,252
QH-W-8-5,W_8,145,148,200,230,157,159,204,204,0,0,223,223,102,110,160,170,229,252
QH-W-8-6,W_8,145,148,200,230,157,159,204,204,171,181,223,223,102,110,160,170,229,252
QH-W-8-7,W_8,145,148,222,232,159,167,204,204,171,181,223,225,102,102,168,168,229,252
QH-W-8-8,W_8,145,145,226,230,157,179,204,215,181,181,223,223,0,0,166,170,229,229
QH-W-8-9,W_8,145,145,200,230,165,179,204,215,171,181,223,223,102,139,160,171,223,252
QH-W-9-1,W_9,144,144,222,226,159,183,0,0,172,181,225,225,117,117,161,173,229,229
QH-W-9-10,W_9,145,145,228,228,163,183,204,204,181,181,0,0,93,102,166,168,226,229
QH-W-9-11,W_9,144,148,0,0,157,165,204,206,181,184,0,0,0,0,0,0,0,0
QH-W-9-12,W_9,145,145,200,226,183,183,204,215,172,181,223,223,110,123,160,160,231,252
QH-W-9-13,W_9,145,148,210,222,173,185,204,204,181,181,223,223,110,121,156,160,232,252
QH-W-9-14,W_9,145,148,210,222,173,185,204,204,181,181,223,223,0,0,156,160,232,252
QH-W-9-15,W_9,144,148,0,0,0,0,204,204,171,181,0,0,0,0,0,0,0,0
QH-W-9-16,W_9,0,0,0,0,0,0,0,0,0,0,0,0,0,0,0,0,0,0
QH-W-9-17,W_9,144,144,226,226,157,165,204,213,171,181,223,223,0,0,0,0,0,0
QH-W-9-18,W_9,0,0,0,0,0,0,0,0,0,0,0,0,0,0,0,0,0,0
QH-W-9-19,W_9,144,148,0,0,0,0,204,204,171,181,223,225,0,0,161,161,0,0
QH-W-9-2,W_9,144,148,226,226,159,165,204,221,169,169,223,223,121,137,159,159,229,235
QH-W-9-20,W_9,145,145,226,226,157,163,205,205,171,181,0,0,110,133,160,168,223,229
QH-W-9-21,W_9,145,148,202,226,167,179,206,206,181,181,223,223,117,119,160,171,229,252
QH-W-9-22,W_9,145,148,220,228,165,183,204,204,171,178,223,223,102,112,159,169,229,229
QH-W-9-23,W_9,145,148,196,230,183,183,204,219,181,184,225,225,100,102,159,167,252,252
QH-W-9-24,W_9,144,144,191,226,159,171,204,213,175,181,223,223,100,123,159,174,223,223
QH-W-9-25,W_9,145,145,191,226,159,171,204,213,175,181,223,223,100,123,159,174,223,223
QH-W-9-26,W_9,145,145,208,224,165,179,204,204,171,181,0,0,102,139,160,172,229,232
QH-W-9-27,W_9,144,144,208,226,165,167,202,204,172,172,0,0,102,131,160,160,232,252
QH-W-9-28,W_9,144,148,222,226,165,183,204,213,171,181,0,0,110,139,160,174,229,229
QH-W-9-29,W_9,144,144,218,228,159,167,206,206,181,181,0,0,102,119,160,173,229,229
QH-W-9-3,W_9,145,145,226,226,165,177,204,237,171,181,223,223,102,110,0,0,229,229
QH-W-9-30,W_9,145,148,222,226,165,165,204,219,181,181,0,0,110,119,157,159,229,255
QH-W-9-31,W_9,144,148,210,226,159,165,206,206,169,181,223,223,117,123,160,174,229,229
QH-W-9-32,W_9,145,148,226,226,165,167,204,206,171,181,0,0,119,119,159,159,223,229
QH-W-9-33,W_9,145,145,202,226,157,165,204,204,0,0,223,223,110,121,0,0,222,229
QH-W-9-34,W_9,145,145,202,210,171,179,204,209,178,178,0,0,102,110,160,168,229,235
QH-W-9-35,W_9,145,145,226,226,165,183,202,204,169,181,223,223,112,117,168,168,0,0
QH-W-9-4,W_9,148,148,218,222,173,179,0,0,0,0,0,0,117,121,160,168,229,232
QH-W-9-5,W_9,145,148,210,226,157,179,202,204,171,171,0,0,102,102,164,164,229,229
QH-W-9-6,W_9,145,145,222,228,157,163,219,219,181,181,223,223,110,121,159,160,229,235
QH-W-9-7,W_9,145,148,202,226,165,173,204,204,181,181,223,223,102,112,160,175,226,241
QH-W-9-8,W_9,145,148,202,226,165,173,204,204,181,181,223,223,102,112,160,175,226,241
QH-W-9-9,W_9,145,145,222,226,175,175,202,204,181,181,223,223,110,131,160,168,229,252
QH-W-AUX3-1,W_AUX_3,145,148,210,228,159,163,204,213,181,181,223,223,0,0,160,172,229,252
QH-W-AUX3-10,W_AUX_3,145,148,204,226,167,179,204,204,171,181,225,225,0,0,160,168,229,229
QH-W-AUX3-11,W_AUX_3,144,148,210,218,159,169,204,213,169,181,223,223,93,102,167,172,223,229
QH-W-AUX3-12,W_AUX_3,145,145,226,228,157,163,204,204,178,181,0,0,0,0,172,172,220,229
QH-W-AUX3-13,W_AUX_3,145,145,226,228,175,179,213,222,171,181,225,225,0,0,0,0,229,229
QH-W-AUX3-14,W_AUX_3,145,148,226,228,0,0,204,204,0,0,219,219,0,0,160,166,220,229
QH-W-AUX3-15,W_AUX_3,145,148,0,0,0,0,204,204,171,181,0,0,0,0,0,0,229,229
QH-W-AUX3-16,W_AUX_3,148,148,218,220,159,183,204,215,0,0,225,225,102,119,160,172,229,231
QH-W-AUX3-17,W_AUX_3,145,145,226,228,175,179,213,222,171,181,225,225,0,0,159,160,229,229
QH-W-AUX3-18,W_AUX_3,145,148,204,220,165,179,204,213,181,181,225,225,102,117,160,168,229,235
QH-W-AUX3-2,W_AUX_3,144,148,210,226,171,181,204,223,169,181,223,223,93,119,166,173,223,229
QH-W-AUX3-3,W_AUX_3,145,145,204,226,163,179,204,204,171,171,0,0,0,0,160,160,220,229
QH-W-AUX3-4,W_AUX_3,144,148,226,226,157,159,204,204,169,181,0,0,102,121,160,160,229,229
QH-W-AUX3-5,W_AUX_3,145,148,210,220,159,185,211,211,171,171,219,223,102,102,159,167,229,252
QH-W-AUX3-6,W_AUX_3,144,148,200,226,165,181,198,204,0,0,0,0,0,0,160,164,229,237
QH-W-AUX3-7,W_AUX_3,148,148,210,226,159,183,211,213,181,181,223,223,102,121,160,171,220,252
QH-W-AUX3-8,W_AUX_3,144,148,0,0,159,169,0,0,172,181,223,223,93,102,167,172,223,229
QH-W-AUX3-9,W_AUX_3,145,148,204,220,165,179,204,213,181,181,225,225,102,117,160,168,229,235
